Wavelength (um),SiO₂,TiO₂,Si₃N₄,Al₂O₃,Ma,Li,Long,Akerboom,Label
8.0,0.016441007455168525,0.002704887640697461,0.02195362620716942,0.0019080501493969153,,,,,Simple thin films
8.05,0.01957680387862166,0.0020868043052445617,0.016577279875386517,0.0014872546873372949,,,,,Simple thin films
8.1,0.02286981109465204,0.0015897260566570997,0.012521644848237184,0.0011452548205137505,,,,,Simple thin films
8.15,0.02645152291971988,0.0011369901831938987,0.009006765913460637,0.000847512465045879,,,,,Simple thin films
8.2,0.03059057609041387,0.000838416882835311,0.006456258705266761,0.0006278745248686829,,,,,Simple thin films
8.25,0.03465754089995363,0.0006336472184755376,0.004338681298125246,0.0004128571926194639,,,,,Simple thin films
8.3,0.03898838379512522,0.00036622657417599314,0.0028518417379246055,0.00026080907322494084,,,,,Simple thin films
8.35,0.04367258000018565,0.00022838292284536253,0.0016009789846318696,0.0001710309631494734,,,,,Simple thin films
8.4,0.04891474430258697,0.00012533365417723887,0.0008400825225386315,0.00011349248382512617,,,,,Simple thin films
8.45,0.05335603288515888,5.625356632830254e-05,0.00036304821055545966,4.514340219681349e-05,,,,,Simple thin films
8.5,0.0587961774109669,2.59055039525139e-05,0.000173892814822482,2.0259046109191413e-05,,,,,Simple thin films
8.55,0.06444168381578058,5.102536462152246e-05,0.0003264941314509743,3.777493485439299e-05,,,,,Simple thin films
8.6,0.07078456261892263,0.000105413734665244,0.0006669923073295147,7.922750925171741e-05,,,,,Simple thin films
8.65,0.07652863993728479,0.0002094766150516551,0.0013012475938096561,0.00015827038291162782,,,,,Simple thin films
8.7,0.08348140024475181,0.0003897129812783636,0.002488938646548049,0.0003065176908394466,,,,,Simple thin films
8.75,0.09098843094671352,0.0006270300059232041,0.0040037512149422305,0.0005032845946428356,,,,,Simple thin films
8.8,0.10009149503709797,0.0009726527614927144,0.006254221690451622,0.0008474472218077499,,,,,Simple thin films
8.85,0.10979073614920735,0.0014545836847320744,0.008963624653800495,0.001180377222458854,,,,,Simple thin films
8.9,0.11964660288023196,0.0019910216723241746,0.012598270480354005,0.0015702070140095855,,,,,Simple thin films
8.95,0.1305001612198423,0.0026582833968947952,0.0171852497331182,0.0022932343394158764,,,,,Simple thin films
9.0,0.1425874451637238,0.0037065011003895045,0.02344137995269738,0.00315749470429797,,,,,Simple thin films
9.05,0.1546922920972668,0.004957631435243465,0.03137763188451085,0.004227904475505891,,,,,Simple thin films
9.1,0.16666643932628053,0.006552537120405157,0.03973069041819544,0.0056357744529803135,,,,,Simple thin films
9.15,0.1817356406563739,0.008681425440787687,0.05490098515330246,0.007474788385559783,,,,,Simple thin films
9.2,0.1926742319701991,0.01130959441676556,0.07482280008991507,0.009913404081818563,,,,,Simple thin films
9.25,0.20433281421686633,0.014847920302439598,0.09826166535595919,0.013015104920013638,,,,,Simple thin films
9.3,0.2194348555766837,0.0196200780522335,0.12966248467846875,0.01726904508248717,,,,,Simple thin films
9.35,0.22855716140566645,0.025602021773970585,0.16673062646797576,0.022692963643452264,,,,,Simple thin films
9.4,0.2418945429033451,0.03294576137148542,0.2169157418642457,0.029529676026500088,,,,,Simple thin films
9.45,0.24166926132977548,0.041575704504056794,0.26865688793351566,0.03754022312422281,,,,,Simple thin films
9.5,0.24514501468472108,0.051700638323161976,0.33194477125922905,0.046977955215988215,,,,,Simple thin films
9.55,0.24514995226299735,0.06027488426582715,0.3858495222299124,0.0546622108427839,,,,,Simple thin films
9.6,0.24516185848600858,0.06845150607188549,0.44152070683672007,0.06256220142570891,,,,,Simple thin films
9.65,0.24019166929223812,0.07194906770434388,0.454081861515901,0.06370607082944861,,,,,Simple thin films
9.7,0.23403333065499124,0.07342463649811651,0.4668550300218361,0.06385456485472107,,,,,Simple thin films
9.75,0.22608017073869066,0.06832326881689646,0.4446066104729877,0.0585762083737625,,,,,Simple thin films
9.8,0.21699008201674952,0.06242265622306827,0.4057145972229594,0.05321358621330587,,,,,Simple thin films
9.85,0.2076043522344414,0.05413575708536401,0.3040113471156038,0.04643575975166284,,,,,Simple thin films
9.9,0.18607264736272586,0.05047761521798752,0.31491143228789575,0.040155751282598816,,,,,Simple thin films
9.95,0.17165262350793806,0.039469222735318756,0.28053779964724407,0.03417790526050613,,,,,Simple thin films
10.0,0.15084712956980556,0.03307544572341784,0.25860982461000237,0.030087539623298704,,,,,Simple thin films
10.05,0.13872626877119026,0.029276164185261785,0.23545616088748775,0.027310439587702476,,,,,Simple thin films
10.1,0.12113453726591686,0.025066570049871086,0.20766729938951892,0.024088315884940738,,,,,Simple thin films
10.15,0.10372821490179873,0.021896708029605142,0.18489544722987586,0.020831307756443533,,,,,Simple thin films
10.2,0.08854799832654611,0.018936776647003092,0.16296973586863972,0.018035187583878162,,,,,Simple thin films
10.25,0.07229619729080677,0.01637873936681674,0.1441522090492282,0.015428007663379055,,,,,Simple thin films
10.3,0.06014208293986516,0.014218992888604398,0.12701098905855346,0.013474734135683385,,,,,Simple thin films
10.35,0.047715573404325445,0.01147839456781778,0.11297231401305222,0.01232122142062168,,,,,Simple thin films
10.4,0.037381189074300096,0.009735336993564861,0.09937159225626672,0.010381265908073133,,,,,Simple thin films
10.45,0.0284316631844154,0.008647860272773596,0.08808498240731714,0.009162795585258184,,,,,Simple thin films
10.5,0.021653436559659338,0.007463365802069328,0.07701346122493455,0.007999411118595125,,,,,Simple thin films
10.55,0.016331041247345402,0.0064541222019010745,0.06852362558867535,0.007119203184566347,,,,,Simple thin films
10.6,0.012645862483522754,0.005622555152680452,0.060252418161025015,0.006270127293226798,,,,,Simple thin films
10.65,0.009749636463420953,0.004877102307789448,0.052331953343903566,0.005440574393845222,,,,,Simple thin films
10.7,0.007995221242957882,0.0041627615243422815,0.04524704061153529,0.004799233468506404,,,,,Simple thin films
10.75,0.007553396430379982,0.003435366759714801,0.03874008097014298,0.0040284615823747635,,,,,Simple thin films
10.8,0.007250826261641864,0.002820625751056073,0.032820176199941195,0.0036071974741280688,,,,,Simple thin films
10.85,0.007715731608669747,0.0022991669264797406,0.02680645486881146,0.002992810131411339,,,,,Simple thin films
10.9,0.008349382375696504,0.0018082833932623246,0.02215580935213507,0.002474139445421253,,,,,Simple thin films
10.95,0.009046756106106103,0.0013508018551309435,0.017361307616117597,0.0019770946840644617,,,,,Simple thin films
11.0,0.009787032779810158,0.0010115871821723742,0.013503843834656035,0.0015671928051698594,,,,,Simple thin films
11.05,0.010517572597608386,0.000801254920297306,0.010009433758402192,0.0011727240059100173,,,,,Simple thin films
11.1,0.011028330487795803,0.0006134506247519668,0.0071898398650087495,0.0008736362448774008,,,,,Simple thin films
11.15,0.011392910410802806,0.00042914725692781594,0.004696439892020759,0.0005865616179296972,,,,,Simple thin films
11.2,0.011712794597724074,0.000272109712403915,0.0028878632131866086,0.0003705407628784643,,,,,Simple thin films
11.25,0.011939922704821452,0.00014336772149533574,0.0015088670007394997,0.00020106835610671028,,,,,Simple thin films
11.3,0.012132769878989409,7.335239046581959e-05,0.0008117470770557636,0.00011150611493751916,,,,,Simple thin films
11.35,0.012486620460732165,7.208931602171424e-05,0.0007896212104999454,0.00011357807537892779,,,,,Simple thin films
11.4,0.01284243624894818,8.236308754344951e-05,0.0008757094512608683,0.0001329742877291238,,,,,Simple thin films
11.45,0.013471504054108298,0.0001507690603971135,0.0015890770458229556,0.00025111859734973775,,,,,Simple thin films
11.5,0.014388720300833836,0.0002992223402672032,0.0030847839435047776,0.0005129622729655115,,,,,Simple thin films
11.55,0.015575930382770886,0.0004978211435346582,0.005032892990497089,0.0008796983666318638,,,,,Simple thin films
11.6,0.016785961164528934,0.0007743929098166674,0.007741135777490545,0.0014121053682900825,,,,,Simple thin films
11.65,0.018195554507343264,0.0011182987735639755,0.0108618146047485,0.002098313135620371,,,,,Simple thin films
11.7,0.020257210217096536,0.001603310133418798,0.015269885653352109,0.003062725972327778,,,,,Simple thin films
11.75,0.02200093116435583,0.002119063962496603,0.019851371704470832,0.004221034936067442,,,,,Simple thin films
11.8,0.023055588722399833,0.0027686100757623802,0.025063114689232155,0.005645303622155228,,,,,Simple thin films
11.85,0.025345890028688006,0.0035629140699002656,0.0312991206348087,0.007455685722948022,,,,,Simple thin films
11.9,0.02679925256210307,0.004498375045114359,0.03799477038660372,0.009693453060964557,,,,,Simple thin films
11.95,0.02819019793771949,0.005520659632248648,0.04559857423729046,0.012263908879005789,,,,,Simple thin films
12.0,0.028902809943083748,0.006960734592658825,0.053929282699234575,0.015462482328928877,,,,,Simple thin films
12.05,0.029639327657936594,0.008229579358323047,0.0630715633210383,0.01918203681908904,,,,,Simple thin films
12.1,0.029907085427561424,0.009535432909602454,0.07348265501243273,0.023825717739936036,,,,,Simple thin films
12.15,0.029553030799524874,0.011694137464994129,0.08423218661606108,0.02867746733173816,,,,,Simple thin films
12.2,0.028764833234661325,0.013632606792662198,0.09543360764115265,0.03478060071185784,,,,,Simple thin films
12.25,0.027790017170945504,0.016433030048575287,0.10827833994395626,0.041953440180232365,,,,,Simple thin films
12.3,0.026373732167841574,0.01938554835850797,0.12206196009308415,0.0504862086697093,,,,,Simple thin films
12.35,0.02547986559682058,0.022639829526895337,0.13493349771481222,0.06015276144293449,,,,,Simple thin films
12.4,0.023772543210526558,0.026441756451001233,0.14809901242812148,0.07019277929658377,,,,,Simple thin films
12.45,0.023098944600310402,0.03137071678625234,0.16650420555836262,0.08458632130536121,,,,,Simple thin films
12.5,0.02134001783215803,0.03606541899638252,0.18255273066285507,0.09934937810854291,,,,,Simple thin films
12.55,0.02131024859884591,0.04131001339327049,0.1993932894186757,0.1130896963796752,,,,,Simple thin films
12.6,0.020678996360696228,0.048222345962430656,0.21958708438309454,0.13073837982272365,,,,,Simple thin films
12.65,0.021090559215911332,0.056296262823805704,0.2396743991097807,0.1499091614871327,,,,,Simple thin films
12.7,0.021422204079761264,0.06474381161973582,0.26036662649126874,0.17018969181135407,,,,,Simple thin films
12.75,0.022372702991936923,0.07508985869235575,0.28271961154874076,0.1924089071507169,,,,,Simple thin films
12.8,0.023331970761891332,0.08619030071875117,0.30571578930248566,0.21591697795289191,,,,,Simple thin films
12.85,0.024972540951679008,0.10061807445662709,0.33021404368281576,0.239443816103757,,,,,Simple thin films
12.9,0.02680270703366739,0.11572704307056554,0.3605686443328985,0.26732731187960285,,,,,Simple thin films
12.95,0.028539599423257414,0.13264504209527053,0.3875640274132994,0.29292642010308145,,,,,Simple thin films
,,,,,,,,,Simple thin films
,,,,,,,,,Simple thin films
,,,,,,,,,Simple thin films
,,,,,,,,,Simple thin films
,,,,,,,,,Simple thin films
,,,,,,,,,Simple thin films
,,,,,,,,,Simple thin films
,,,,,,,,,Simple thin films
,,,,,,,,,Simple thin films
,,,,,,,,,Simple thin films
,,,,,,,,,Simple thin films
,,,,,,,,,Simple thin films
,,,,,,,,,Simple thin films
,,,,,,,,,Simple thin films
,,,,,,,,,Simple thin films
,,,,,,,,,Simple thin films
,,,,,,,,,Simple thin films
,,,,,,,,,Simple thin films
,,,,,,,,,Simple thin films
,,,,,,,,,Simple thin films
,,,,,,,,,Simple thin films
,,,,,,,,,Simple thin films
,,,,,,,,,Simple thin films
,,,,,,,,,Simple thin films
,,,,,,,,,Simple thin films
,,,,,,,,,Simple thin films
,,,,,,,,,Simple thin films
,,,,,,,,,Simple thin films
,,,,,,,,,Simple thin films
,,,,,,,,,Simple thin films
,,,,,,,,,Simple thin films
,,,,,,,,,Simple thin films
,,,,,,,,,Simple thin films
,,,,,,,,,Simple thin films
,,,,,,,,,Simple thin films
,,,,,,,,,Simple thin films
,,,,,,,,,Simple thin films
,,,,,,,,,Simple thin films
,,,,,,,,,Simple thin films
,,,,,,,,,Simple thin films
,,,,,,,,,Simple thin films
,,,,,,,,,Simple thin films
,,,,,,,,,Simple thin films
,,,,,,,,,Simple thin films
,,,,,,,,,Simple thin films
,,,,,,,,,Simple thin films
,,,,,,,,,Simple thin films
,,,,,,,,,Simple thin films
,,,,,,,,,Simple thin films
,,,,,,,,,Simple thin films
,,,,,,,,,Simple thin films
,,,,,,,,,Simple thin films
,,,,,,,,,Simple thin films
,,,,,,,,,Simple thin films
,,,,,,,,,Simple thin films
,,,,,,,,,Simple thin films
,,,,,,,,,Simple thin films
,,,,,,,,,Simple thin films
,,,,,,,,,Simple thin films
,,,,,,,,,Simple thin films
0.0,,,,,0.07718,,,,Photonic films
0.05,,,,,0.08495,,,,Photonic films
0.1,,,,,0.08573,,,,Photonic films
0.15,,,,,0.08533,,,,Photonic films
0.2,,,,,0.07422,,,,Photonic films
0.25,,,,,0.08266,,,,Photonic films
0.3,,,,,0.02408,,,,Photonic films
0.35,,,,,0.02623,,,,Photonic films
0.4,,,,,0.02208,,,,Photonic films
0.45,,,,,0.01452,,,,Photonic films
0.5,,,,,0.01116,,,,Photonic films
0.55,,,,,0.01123,,,,Photonic films
0.6,,,,,0.0093,,,,Photonic films
0.65,,,,,0.00594,,,,Photonic films
0.7,,,,,0.00593,,,,Photonic films
0.75,,,,,0.00593,,,,Photonic films
0.8,,,,,0.00593,,,,Photonic films
0.85,,,,,0.00593,,,,Photonic films
0.9,,,,,0.00593,,,,Photonic films
0.95,,,,,0.00593,,,,Photonic films
1.0,,,,,0.00593,,,,Photonic films
1.05,,,,,0.00592,,,,Photonic films
1.1,,,,,0.00574,,,,Photonic films
1.15,,,,,0.01047,,,,Photonic films
1.2,,,,,0.01098,,,,Photonic films
1.25,,,,,0.01101,,,,Photonic films
1.3,,,,,0.01101,,,,Photonic films
1.35,,,,,0.01092,,,,Photonic films
1.4,,,,,0.01194,,,,Photonic films
1.45,,,,,0.01492,,,,Photonic films
1.5,,,,,0.01612,,,,Photonic films
1.55,,,,,0.01521,,,,Photonic films
1.6,,,,,0.01615,,,,Photonic films
1.65,,,,,0.01571,,,,Photonic films
1.7,,,,,0.01671,,,,Photonic films
1.75,,,,,0.01779,,,,Photonic films
1.8,,,,,0.01907,,,,Photonic films
1.85,,,,,0.0204,,,,Photonic films
1.9,,,,,0.02164,,,,Photonic films
1.95,,,,,0.02266,,,,Photonic films
2.0,,,,,0.02475,,,,Photonic films
2.05,,,,,0.02581,,,0.05568,Photonic films
2.1,,,,,0.02543,,,0.05568,Photonic films
2.15,,,,,0.02539,,,0.05568,Photonic films
2.2,,,,,0.02504,,,0.05567,Photonic films
2.25,,,,,0.02393,,,0.05658,Photonic films
2.3,,,,,0.02261,,,0.05895,Photonic films
2.35,,,,,0.02202,,,0.06129,Photonic films
2.4,,,,,0.02147,,,0.06185,Photonic films
2.45,,,,,0.02045,,,0.06362,Photonic films
2.5,,,,,0.01944,,,0.06546,Photonic films
2.55,,,,,0.01828,,,0.06618,Photonic films
2.6,,,,,0.01758,,,0.06507,Photonic films
2.65,,,,,0.01705,,,0.06383,Photonic films
2.7,,,,,0.01652,,,0.06346,Photonic films
2.75,,,,,0.01735,,,0.06345,Photonic films
2.8,,,,,0.01519,,,0.06338,Photonic films
2.85,,,,,0.01513,,,0.06409,Photonic films
2.9,,,,,0.01818,,,0.06459,Photonic films
2.95,,,,,0.01863,,,0.06437,Photonic films
3.0,,,,,0.01865,,,0.06474,Photonic films
3.05,,,,,0.01876,,,0.06464,Photonic films
3.1,,,,,0.02105,,,0.0633,Photonic films
3.15,,,,,0.01861,,,0.06181,Photonic films
3.2,,,,,0.01854,,,0.06095,Photonic films
3.25,,,,,0.0178,,,0.06205,Photonic films
3.3,,,,,0.01779,,,0.06323,Photonic films
3.35,,,,,0.01779,,,0.06278,Photonic films
3.4,,,,,0.01779,,,0.06471,Photonic films
3.45,,,,,0.01779,,,0.06474,Photonic films
3.5,,,,,0.01779,,,0.06474,Photonic films
3.55,,,,,0.01779,,,0.06474,Photonic films
3.6,,,,,0.01778,,,0.06457,Photonic films
3.65,,,,,0.01865,,,0.08275,Photonic films
3.7,,,,,0.01864,,,0.52253,Photonic films
3.75,,,,,0.01948,,,0.98277,Photonic films
3.8,,,,,0.01948,,,0.98277,Photonic films
3.85,,,,,0.01949,,,0.98411,Photonic films
3.9,,,,,0.0203,,,0.98411,Photonic films
3.95,,,,,0.02032,,,0.98416,Photonic films
4.0,,,,,0.02026,0.90124,,0.98325,Photonic films
4.05,,,,,0.02205,0.89286,0.89049,0.98295,Photonic films
4.1,,,,,0.02204,0.88388,0.89312,0.98281,Photonic films
4.15,,,,,0.02275,0.86247,0.89529,0.98343,Photonic films
4.2,,,,,0.0237,0.8565,0.89624,0.98312,Photonic films
4.25,,,,,0.02534,0.85894,0.89825,0.98282,Photonic films
4.3,,,,,0.02536,0.86673,0.90073,0.98076,Photonic films
4.35,,,,,0.02704,0.87528,0.90724,0.98022,Photonic films
4.4,,,,,0.02783,0.88935,0.91369,0.98021,Photonic films
4.45,,,,,0.0285,0.90045,0.9197,0.97949,Photonic films
4.5,,,,,0.03048,0.91844,0.92463,0.97759,Photonic films
4.55,,,,,0.0313,0.93096,0.92918,0.97763,Photonic films
4.6,,,,,0.03202,0.9448,0.93341,0.97678,Photonic films
4.65,,,,,0.03555,0.95767,0.93762,0.97612,Photonic films
4.7,,,,,0.03616,0.96671,0.94009,0.97442,Photonic films
4.75,,,,,0.0378,0.97505,0.94428,0.97269,Photonic films
4.8,,,,,0.04049,0.97789,0.94634,0.97229,Photonic films
4.85,,,,,0.04271,0.97748,0.94732,0.97123,Photonic films
4.9,,,,,0.04456,0.97298,0.94924,0.97017,Photonic films
4.95,,,,,0.04794,0.96659,0.94919,0.97058,Photonic films
5.0,,,,,0.04982,0.95749,0.94931,0.97051,Photonic films
5.05,,,,,0.05301,0.94927,0.95086,0.97048,Photonic films
5.1,,,,,0.05603,0.93637,0.94545,0.96861,Photonic films
5.15,,,,,0.0599,0.92778,0.94167,0.96791,Photonic films
5.2,,,,,0.06343,0.91499,0.94364,0.96913,Photonic films
5.25,,,,,0.06747,0.90628,0.94042,0.97049,Photonic films
5.3,,,,,0.07212,0.89603,0.93884,0.97484,Photonic films
5.35,,,,,0.07694,0.8882,0.93499,0.98407,Photonic films
5.4,,,,,0.08118,0.88168,0.93228,0.99511,Photonic films
5.45,,,,,0.08769,0.87377,0.92859,0.9932,Photonic films
5.5,,,,,0.0946,0.87066,0.92447,0.99317,Photonic films
5.55,,,,,0.09996,0.86592,0.92097,0.99317,Photonic films
5.6,,,,,0.11075,0.86398,0.91697,0.99246,Photonic films
5.65,,,,,0.11893,0.86626,0.9148,0.99252,Photonic films
5.7,,,,,0.1303,0.86901,0.91339,0.99252,Photonic films
5.75,,,,,0.14457,0.87231,0.91013,0.99252,Photonic films
5.8,,,,,0.15189,0.87804,0.90787,0.99254,Photonic films
5.85,,,,,0.16379,0.88245,0.90653,0.99254,Photonic films
5.9,,,,,0.18308,0.89097,0.9043,0.99284,Photonic films
5.95,,,,,0.1995,0.89806,0.90231,0.99309,Photonic films
6.0,,,,,0.21802,0.90694,0.90111,0.99283,Photonic films
6.05,,,,,0.25355,0.91796,0.89813,0.99256,Photonic films
6.1,,,,,0.27654,0.92571,0.89434,0.99325,Photonic films
6.15,,,,,0.31756,0.93688,0.89156,0.9928,Photonic films
6.2,,,,,0.3582,0.94541,0.89297,0.99448,Photonic films
6.25,,,,,0.40177,0.95584,0.89568,0.99448,Photonic films
6.3,,,,,0.46688,0.96326,0.89403,0.99523,Photonic films
6.35,,,,,0.50445,0.97093,0.89061,0.99577,Photonic films
6.4,,,,,0.54585,0.97789,0.88634,0.99576,Photonic films
6.45,,,,,0.5749,0.98287,0.88533,0.99576,Photonic films
6.5,,,,,0.60801,0.98772,0.88272,0.99576,Photonic films
6.55,,,,,0.63413,0.98924,0.88107,0.99576,Photonic films
6.6,,,,,0.65479,0.9904,0.87856,0.99576,Photonic films
6.65,,,,,0.67685,0.98919,0.87538,0.99576,Photonic films
6.7,,,,,0.69483,0.98725,0.87436,0.99576,Photonic films
6.75,,,,,0.69802,0.98257,0.87085,0.99576,Photonic films
6.8,,,,,0.69758,0.97851,0.86776,0.99578,Photonic films
6.85,,,,,0.69362,0.971,0.86408,0.9964,Photonic films
6.9,,,,,0.68439,0.96576,0.85959,0.99712,Photonic films
6.95,,,,,0.67805,0.95624,0.85576,0.99706,Photonic films
7.0,,,,,0.65955,0.94852,0.85055,0.99706,Photonic films
7.05,,,,,0.64574,0.93847,0.84623,0.99706,Photonic films
7.1,,,,,0.61853,0.92878,0.8427,0.99643,Photonic films
7.15,,,,,0.59084,0.92097,0.83724,0.99659,Photonic films
7.2,,,,,0.56744,0.90944,0.82068,0.99694,Photonic films
7.25,,,,,0.54353,0.90169,0.81585,0.99705,Photonic films
7.3,,,,,0.51722,0.89106,0.81229,0.99706,Photonic films
7.35,,,,,0.50464,0.88313,0.80762,0.99706,Photonic films
7.4,,,,,0.49641,0.87434,0.78643,0.99706,Photonic films
7.45,,,,,0.4964,0.8665,0.7727,0.99706,Photonic films
7.5,,,,,0.51069,0.86265,0.76172,0.99706,Photonic films
7.55,,,,,0.52321,0.85544,0.75291,0.99706,Photonic films
7.6,,,,,0.5444,0.85107,0.74313,0.99711,Photonic films
7.65,,,,,0.56684,0.84571,0.72249,0.99593,Photonic films
7.7,,,,,0.57692,0.84014,0.70063,0.99576,Photonic films
7.75,,,,,0.60066,0.83597,0.68209,0.99547,Photonic films
7.8,,,,,0.61963,0.83134,0.67746,0.99402,Photonic films
7.85,,,,,0.62555,0.83225,0.67424,0.98785,Photonic films
7.9,,,,,0.64593,0.84194,0.67096,0.98711,Photonic films
7.95,,,,,0.66484,0.85411,0.68863,0.9824,Photonic films
8.0,,,,,0.67731,0.87902,0.71992,0.97128,Photonic films
8.05,,,,,0.68966,0.90212,0.75411,0.96445,Photonic films
8.1,,,,,0.70238,0.92614,0.77513,0.95763,Photonic films
8.15,,,,,0.71284,0.95292,0.80148,0.955,Photonic films
8.2,,,,,0.71756,0.9704,0.8168,0.95491,Photonic films
8.25,,,,,0.72392,0.98371,0.83358,0.95631,Photonic films
8.3,,,,,0.72747,0.98974,0.84775,0.96193,Photonic films
8.35,,,,,0.72998,0.99272,0.85811,0.96238,Photonic films
8.4,,,,,0.7326,0.99064,0.86623,0.96432,Photonic films
8.45,,,,,0.73475,0.98662,0.87073,0.96635,Photonic films
8.5,,,,,0.7402,0.97955,0.87548,0.96553,Photonic films
8.55,,,,,0.74662,0.97247,0.87613,0.96401,Photonic films
8.6,,,,,0.75979,0.9594,0.87586,0.96011,Photonic films
8.65,,,,,0.7717,0.94976,0.87317,0.95212,Photonic films
8.7,,,,,0.78395,0.93323,0.8675,0.94111,Photonic films
8.75,,,,,0.80979,0.91801,0.85747,0.91299,Photonic films
8.8,,,,,0.83772,0.90018,0.84161,0.9007,Photonic films
8.85,,,,,0.85813,0.87902,0.82411,0.84829,Photonic films
8.9,,,,,0.88587,0.86271,0.79809,0.81086,Photonic films
8.95,,,,,0.90431,0.84242,0.7824,0.78465,Photonic films
9.0,,,,,0.91315,0.83133,0.79905,0.76572,Photonic films
9.05,,,,,0.96079,0.81636,0.82269,0.78599,Photonic films
9.1,,,,,0.97473,0.81039,0.86449,0.83269,Photonic films
9.15,,,,,0.98173,0.81949,0.902,0.8625,Photonic films
9.2,,,,,0.98651,0.82984,0.93156,0.89879,Photonic films
9.25,,,,,0.99052,0.83488,0.95657,0.92451,Photonic films
9.3,,,,,0.99027,0.85184,0.96964,0.94134,Photonic films
9.35,,,,,0.98982,0.85941,0.97873,0.95141,Photonic films
9.4,,,,,0.98005,0.87138,0.98434,0.95831,Photonic films
9.45,,,,,0.97152,0.87933,0.98741,0.96637,Photonic films
9.5,,,,,0.96293,0.88821,0.98988,0.97053,Photonic films
9.55,,,,,0.95795,0.89769,0.99249,0.97434,Photonic films
9.6,,,,,0.95042,0.90365,0.99305,0.98144,Photonic films
9.65,,,,,0.94282,0.91368,0.99422,0.98168,Photonic films
9.7,,,,,0.9298,0.92106,0.99418,0.98513,Photonic films
9.75,,,,,0.92274,0.92758,0.99485,0.9876,Photonic films
9.8,,,,,0.91513,0.93284,0.99485,0.98846,Photonic films
9.85,,,,,0.90352,0.93714,0.99485,0.99062,Photonic films
9.9,,,,,0.89902,0.94218,0.99491,0.99285,Photonic films
9.95,,,,,0.89274,0.94484,0.99424,0.9937,Photonic films
10.0,,,,,0.88427,0.94788,0.99349,0.99583,Photonic films
10.05,,,,,0.87948,0.94884,0.99304,0.99576,Photonic films
10.1,,,,,0.87397,0.94862,0.9901,0.99571,Photonic films
10.15,,,,,0.86749,0.94802,0.9873,0.99639,Photonic films
10.2,,,,,0.8648,0.94722,0.98286,0.99698,Photonic films
10.25,,,,,0.86096,0.94623,0.97494,0.99576,Photonic films
10.3,,,,,0.85514,0.9452,0.97351,0.99576,Photonic films
10.35,,,,,0.85296,0.94317,0.9356,0.99576,Photonic films
10.4,,,,,0.84866,0.94117,0.93262,0.99576,Photonic films
10.45,,,,,0.84325,0.93684,0.91948,0.99576,Photonic films
10.5,,,,,0.83978,0.93462,0.90167,0.99576,Photonic films
10.55,,,,,0.83489,0.93226,0.88829,0.99576,Photonic films
10.6,,,,,0.82734,0.92948,0.85783,0.99576,Photonic films
10.65,,,,,0.82373,0.92687,0.85071,0.99576,Photonic films
10.7,,,,,0.81878,0.924,0.8446,0.99576,Photonic films
10.75,,,,,0.81136,0.92216,0.83968,0.99549,Photonic films
10.8,,,,,0.80436,0.91939,0.82822,0.9961,Photonic films
10.85,,,,,0.79932,0.91751,0.82273,0.99404,Photonic films
10.9,,,,,0.79109,0.91482,0.81837,0.99203,Photonic films
10.95,,,,,0.78411,0.91229,0.81723,0.99312,Photonic films
11.0,,,,,0.77835,0.91035,0.82001,0.99331,Photonic films
11.05,,,,,0.76999,0.90816,0.82137,0.99325,Photonic films
11.1,,,,,0.76147,0.90561,0.82476,0.99252,Photonic films
11.15,,,,,0.759,0.90351,0.82803,0.99257,Photonic films
11.2,,,,,0.75054,0.90239,0.83013,0.99142,Photonic films
11.25,,,,,0.74218,0.89996,0.83107,0.99123,Photonic films
11.3,,,,,0.738,0.89822,0.83108,0.99099,Photonic films
11.35,,,,,0.73027,0.89523,0.83003,0.99058,Photonic films
11.4,,,,,0.7229,0.89223,0.82766,0.99063,Photonic films
11.45,,,,,0.71955,0.89085,0.82396,0.99056,Photonic films
11.5,,,,,0.71323,0.88903,0.8198,0.99013,Photonic films
11.55,,,,,0.70528,0.88715,0.816,0.99072,Photonic films
11.6,,,,,0.70175,0.8854,0.81203,0.99165,Photonic films
11.65,,,,,0.69663,0.88395,0.80906,0.99251,Photonic films
11.7,,,,,0.69156,0.88191,0.80547,0.99251,Photonic films
11.75,,,,,0.68644,0.87875,0.80609,0.99253,Photonic films
11.8,,,,,0.68221,0.8771,0.80916,0.99253,Photonic films
11.85,,,,,0.67974,0.87384,0.81482,0.99315,Photonic films
11.9,,,,,0.67543,0.87181,0.82175,0.99317,Photonic films
11.95,,,,,0.67094,0.87126,0.83138,0.99317,Photonic films
12.0,,,,,0.66811,0.86946,0.83876,0.99316,Photonic films
12.05,,,,,0.66523,0.86774,0.84941,0.99248,Photonic films
12.1,,,,,0.66206,0.86722,0.85755,0.99253,Photonic films
12.15,,,,,0.65993,0.86581,0.86601,0.99215,Photonic films
12.2,,,,,0.65628,0.86493,0.87354,0.99142,Photonic films
12.25,,,,,0.65491,0.8642,0.8802,0.99073,Photonic films
12.3,,,,,0.65117,0.86359,0.88507,0.99119,Photonic films
12.35,,,,,0.65029,0.86269,0.89026,0.99061,Photonic films
12.4,,,,,0.647,0.86278,0.89189,0.99001,Photonic films
12.45,,,,,0.64622,0.86202,0.895,0.99055,Photonic films
12.5,,,,,0.64377,0.86115,0.89628,0.99058,Photonic films
12.55,,,,,0.64229,0.86122,0.89622,0.99058,Photonic films
12.6,,,,,0.64112,0.86122,0.89632,0.99023,Photonic films
12.65,,,,,0.63902,0.86193,0.8945,0.98997,Photonic films
12.7,,,,,0.63881,0.8615,0.89134,0.98861,Photonic films
12.75,,,,,0.63726,0.86042,0.88881,0.98801,Photonic films
12.8,,,,,0.63609,0.86048,0.88442,0.98802,Photonic films
12.85,,,,,0.63544,0.86051,0.87772,0.98772,Photonic films
12.9,,,,,0.63394,0.85909,0.87045,0.98743,Photonic films
12.95,,,,,0.63328,0.85897,0.86283,0.98799,Photonic films
13.0,,,,,0.63143,0.85861,0.85333,0.98732,Photonic films
13.05,,,,,0.63068,0.85823,0.84437,0.98737,Photonic films
13.1,,,,,0.62986,0.85818,0.83653,0.98668,Photonic films
13.15,,,,,0.62918,0.85674,0.82507,0.9867,Photonic films
13.2,,,,,0.62634,0.85619,0.81542,0.98619,Photonic films
13.25,,,,,0.62613,0.85603,0.80526,0.98537,Photonic films
13.3,,,,,0.62532,0.85495,0.79565,0.9854,Photonic films
13.35,,,,,0.62243,0.85445,0.78539,0.9854,Photonic films
13.4,,,,,0.62176,0.85376,0.77735,0.9854,Photonic films
13.45,,,,,0.62103,0.85371,0.76901,0.9854,Photonic films
13.5,,,,,0.61589,0.85376,0.76078,0.9854,Photonic films
13.55,,,,,0.61259,0.85286,0.75497,0.9854,Photonic films
13.6,,,,,0.60814,0.85293,0.74712,0.9854,Photonic films
13.65,,,,,0.60552,0.85299,0.74079,0.98536,Photonic films
13.7,,,,,0.60551,0.85212,0.73314,0.98576,Photonic films
13.75,,,,,0.60863,0.85217,0.72756,0.98604,Photonic films
13.8,,,,,0.61113,0.85217,0.72124,0.9854,Photonic films
13.85,,,,,0.61286,0.85217,0.71553,0.98545,Photonic films
13.9,,,,,0.61615,0.85223,0.70904,0.98477,Photonic films
13.95,,,,,0.61789,0.85132,0.70525,0.98475,Photonic films
14.0,,,,,0.62104,0.85079,0.7054,0.98481,Photonic films
14.05,,,,,0.62227,0.84998,0.68906,0.98412,Photonic films
14.1,,,,,0.62612,0.84914,0.68903,0.98412,Photonic films
14.15,,,,,0.62606,0.84922,0.68465,0.98341,Photonic films
14.2,,,,,0.62968,0.84834,0.67928,0.98284,Photonic films
14.25,,,,,0.63107,0.8484,0.67458,0.98228,Photonic films
14.3,,,,,0.63378,0.8484,0.67083,0.98361,Photonic films
14.35,,,,,0.63545,0.8484,0.66661,0.98331,Photonic films
14.4,,,,,0.63629,0.84841,0.6618,0.98296,Photonic films
14.45,,,,,0.63882,0.84848,0.65771,0.9831,Photonic films
14.5,,,,,0.6388,0.84756,0.65398,0.98346,Photonic films
14.55,,,,,0.63962,0.84763,0.64983,0.98333,Photonic films
14.6,,,,,0.64041,0.84765,0.64612,0.98281,Photonic films
14.65,,,,,0.64046,0.84686,0.64227,0.98281,Photonic films
14.7,,,,,0.64129,0.84689,0.63956,0.98281,Photonic films
14.75,,,,,0.64211,0.8469,0.63586,0.98281,Photonic films
14.8,,,,,0.64211,0.84695,0.63191,0.98281,Photonic films
14.85,,,,,0.64296,0.8454,0.62886,0.98219,Photonic films
14.9,,,,,0.64296,0.84547,0.62474,0.98244,Photonic films
14.95,,,,,0.64296,0.84453,0.62222,0.98275,Photonic films
15.0,,,,,0.64296,0.84428,0.61957,0.98282,Photonic films
15.05,,,,,0.64214,0.8446,0.61675,0.98281,Photonic films
15.1,,,,,0.64211,0.84387,0.61309,0.98281,Photonic films
15.15,,,,,0.6421,0.84387,0.61018,0.98281,Photonic films
15.2,,,,,0.64131,0.84387,0.60716,0.98281,Photonic films
15.25,,,,,0.64049,0.84387,0.60536,0.98281,Photonic films
15.3,,,,,0.64046,0.84387,0.60261,0.98281,Photonic films
15.35,,,,,0.63884,0.84387,0.59981,0.98281,Photonic films
15.4,,,,,0.63792,0.84385,0.5966,0.98281,Photonic films
15.45,,,,,0.63705,0.84345,0.59507,0.98281,Photonic films
15.5,,,,,0.63538,0.84314,0.59171,0.98281,Photonic films
15.55,,,,,0.6339,0.84312,0.59084,0.98281,Photonic films
15.6,,,,,0.6338,0.84311,0.5869,0.98281,Photonic films
15.65,,,,,0.63182,0.84254,0.58465,0.98281,Photonic films
15.7,,,,,0.62988,0.84238,0.58326,0.98281,Photonic films
15.75,,,,,0.62952,0.84236,0.58053,0.98281,Photonic films
15.8,,,,,0.62854,0.84236,0.57967,0.98281,Photonic films
15.85,,,,,0.62578,0.84237,0.57575,0.98281,Photonic films
15.9,,,,,0.6243,0.84244,0.57417,0.98281,Photonic films
15.95,,,,,0.62382,0.84153,0.57206,0.98281,Photonic films
16.0,,,,,0.62043,0.8416,0.57056,,Photonic films
16.05,,,,,0.61948,0.84161,0.56872,,Photonic films
16.1,,,,,0.61863,0.84161,0.56599,,Photonic films
16.15,,,,,0.6174,0.84161,0.56437,,Photonic films
16.2,,,,,0.614,0.84161,0.56353,,Photonic films
16.25,,,,,0.60968,0.84161,0.56008,,Photonic films
16.3,,,,,0.61173,0.84161,0.55985,,Photonic films
16.35,,,,,0.61348,0.84161,0.5577,,Photonic films
16.4,,,,,0.60683,0.84161,0.55628,,Photonic films
16.45,,,,,0.60565,0.84161,0.55406,,Photonic films
16.5,,,,,0.60407,0.84161,0.55265,,Photonic films
16.55,,,,,0.6034,0.84161,0.54977,,Photonic films
16.6,,,,,0.59894,0.84161,0.54861,,Photonic films
16.65,,,,,0.59845,0.84161,0.54739,,Photonic films
16.7,,,,,0.59789,0.84161,0.54597,,Photonic films
16.75,,,,,0.59401,0.84161,0.54382,,Photonic films
16.8,,,,,0.5936,0.84161,0.54244,,Photonic films
16.85,,,,,0.59127,0.84161,0.54188,,Photonic films
16.9,,,,,0.58899,0.84161,0.54004,,Photonic films
16.95,,,,,0.58811,0.84161,0.53832,,Photonic films
17.0,,,,,0.5863,0.84161,0.53639,,Photonic films
17.05,,,,,0.58404,0.84161,0.5337,,Photonic films
17.1,,,,,0.58245,0.84161,0.53276,,Photonic films
17.15,,,,,0.58048,0.84161,0.53157,,Photonic films
17.2,,,,,0.57829,0.84159,0.52978,,Photonic films
17.25,,,,,0.57666,0.84145,0.52854,,Photonic films
17.3,,,,,0.57424,0.84086,0.52689,,Photonic films
17.35,,,,,0.57324,0.84085,0.52597,,Photonic films
17.4,,,,,0.57061,0.84085,0.52472,,Photonic films
17.45,,,,,0.56929,0.84086,0.52231,,Photonic films
17.5,,,,,0.56727,0.84089,0.52064,,Photonic films
17.55,,,,,0.56489,0.84009,0.51924,,Photonic films
17.6,,,,,0.56378,0.84017,0.51695,,Photonic films
17.65,,,,,0.5607,0.83928,0.51508,,Photonic films
17.7,,,,,0.55976,0.83934,0.5126,,Photonic films
17.75,,,,,0.55714,0.83935,0.51148,,Photonic films
17.8,,,,,0.5557,0.83935,0.51083,,Photonic films
17.85,,,,,0.55355,0.83869,0.51023,,Photonic films
17.9,,,,,0.55196,0.83813,0.50928,,Photonic films
17.95,,,,,0.54984,0.83784,0.50662,,Photonic films
18.0,,,,,0.5486,0.83771,0.50474,,Photonic films
18.05,,,,,0.54464,0.83708,0.50343,,Photonic films
18.1,,,,,0.54376,0.83708,0.50083,,Photonic films
18.15,,,,,0.54023,0.83716,0.49943,,Photonic films
18.2,,,,,0.53951,0.83623,0.49554,,Photonic films
18.25,,,,,0.53612,0.83623,0.49393,,Photonic films
18.3,,,,,0.53453,0.83482,0.49316,,Photonic films
18.35,,,,,0.53182,0.83487,0.49129,,Photonic films
18.4,,,,,0.52944,0.83353,0.49133,,Photonic films
18.45,,,,,0.52768,0.83305,0.48984,,Photonic films
18.5,,,,,0.52435,0.83257,0.48951,,Photonic films
18.55,,,,,0.52264,0.83255,0.48938,,Photonic films
18.6,,,,,0.51928,0.83202,0.48778,,Photonic films
18.65,,,,,0.51761,0.83107,0.48675,,Photonic films
18.7,,,,,0.51423,0.83021,0.48427,,Photonic films
18.75,,,,,0.51255,0.83033,0.48129,,Photonic films
18.8,,,,,0.50835,0.82882,0.47904,,Photonic films
18.85,,,,,0.50759,0.8282,0.47671,,Photonic films
18.9,,,,,0.5032,0.82806,0.47365,,Photonic films
18.95,,,,,0.50004,0.82814,0.47184,,Photonic films
19.0,,,,,0.49744,0.82643,0.46896,,Photonic films
19.05,,,,,0.49397,0.8258,0.46647,,Photonic films
19.1,,,,,0.49072,0.82382,0.46345,,Photonic films
19.15,,,,,0.48815,0.82369,0.46169,,Photonic films
19.2,,,,,0.48394,0.82185,0.45826,,Photonic films
19.25,,,,,0.48061,0.82105,0.45617,,Photonic films
19.3,,,,,0.47731,0.81897,0.45281,,Photonic films
19.35,,,,,0.47299,0.81784,0.45076,,Photonic films
19.4,,,,,0.4691,0.81763,0.44862,,Photonic films
19.45,,,,,0.46621,0.81561,0.44811,,Photonic films
19.5,,,,,0.46099,0.81435,0.44811,,Photonic films
19.55,,,,,0.45667,0.81294,0.44812,,Photonic films
19.6,,,,,0.45871,0.81132,0.44934,,Photonic films
19.65,,,,,0.44873,0.80963,0.453,,Photonic films
19.7,,,,,0.44178,0.80713,0.45712,,Photonic films
19.75,,,,,0.43819,0.80531,0.46104,,Photonic films
19.8,,,,,0.43396,0.80392,0.46499,,Photonic films
19.85,,,,,0.42853,0.80149,0.46918,,Photonic films
19.9,,,,,0.42342,0.79974,0.47487,,Photonic films
19.95,,,,,0.42137,0.79816,0.47822,,Photonic films
,,,,,,0.79622,,,Photonic films
,,,,,,0.79409,,,Photonic films
,,,,,,0.79374,,,Photonic films
,,,,,,0.79043,,,Photonic films
,,,,,,0.78991,,,Photonic films
,,,,,,0.78875,,,Photonic films
,,,,,,0.78742,,,Photonic films
,,,,,,0.78571,,,Photonic films
,,,,,,0.78455,,,Photonic films
,,,,,,0.78412,,,Photonic films
,,,,,,0.78269,,,Photonic films
,,,,,,0.78126,,,Photonic films
,,,,,,0.78022,,,Photonic films
,,,,,,0.77982,,,Photonic films
,,,,,,0.77881,,,Photonic films
,,,,,,0.77666,,,Photonic films
,,,,,,0.77682,,,Photonic films
,,,,,,0.77505,,,Photonic films
,,,,,,0.77487,,,Photonic films
,,,,,,0.77322,,,Photonic films
,,,,,,0.77066,,,Photonic films
,,,,,,0.76936,,,Photonic films
,,,,,,0.7692,,,Photonic films
,,,,,,0.76946,,,Photonic films
,,,,,,0.76989,,,Photonic films
,,,,,,0.76991,,,Photonic films
,,,,,,0.77059,,,Photonic films
,,,,,,0.77326,,,Photonic films
,,,,,,0.77382,,,Photonic films
,,,,,,0.77612,,,Photonic films
,,,,,,0.77821,,,Photonic films
,,,,,,0.77963,,,Photonic films
,,,,,,0.78046,,,Photonic films
,,,,,,0.78281,,,Photonic films
,,,,,,0.78369,,,Photonic films
,,,,,,0.78424,,,Photonic films
,,,,,,0.7871,,,Photonic films
,,,,,,0.78818,,,Photonic films
,,,,,,0.78931,,,Photonic films
,,,,,,0.79053,,,Photonic films
,,,,,,0.79331,,,Photonic films
,,,,,,0.79455,,,Photonic films
,,,,,,0.79559,,,Photonic films
,,,,,,0.79739,,,Photonic films
,,,,,,0.79799,,,Photonic films
,,,,,,0.80008,,,Photonic films
,,,,,,0.80209,,,Photonic films
,,,,,,0.80272,,,Photonic films
,,,,,,0.80445,,,Photonic films
,,,,,,0.80553,,,Photonic films
,,,,,,0.80688,,,Photonic films
,,,,,,0.80817,,,Photonic films
,,,,,,0.81088,,,Photonic films
,,,,,,0.81162,,,Photonic films
,,,,,,0.81215,,,Photonic films
,,,,,,0.8122,,,Photonic films
,,,,,,0.81137,,,Photonic films
,,,,,,0.81142,,,Photonic films
,,,,,,0.81147,,,Photonic films
,,,,,,0.81062,,,Photonic films
,,,,,,0.81065,,,Photonic films
,,,,,,0.80954,,,Photonic films
,,,,,,0.8092,,,Photonic films
,,,,,,0.8092,,,Photonic films
,,,,,,0.80835,,,Photonic films
,,,,,,0.80844,,,Photonic films
,,,,,,0.80767,,,Photonic films
,,,,,,0.80681,,,Photonic films
,,,,,,0.80693,,,Photonic films
,,,,,,0.8061,,,Photonic films
,,,,,,0.80611,,,Photonic films
,,,,,,0.80506,,,Photonic films
,,,,,,0.80467,,,Photonic films
,,,,,,0.80466,,,Photonic films
,,,,,,0.80379,,,Photonic films
,,,,,,0.80315,,,Photonic films
,,,,,,0.80228,,,Photonic films
,,,,,,0.80206,,,Photonic films
,,,,,,0.80067,,,Photonic films
,,,,,,0.79934,,,Photonic films
,,,,,,0.79801,,,Photonic films
,,,,,,0.79803,,,Photonic films
,,,,,,0.79622,,,Photonic films
,,,,,,0.79535,,,Photonic films
,,,,,,0.79402,,,Photonic films
,,,,,,0.79326,,,Photonic films
,,,,,,0.79238,,,Photonic films
,,,,,,0.79103,,,Photonic films
,,,,,,0.7899,,,Photonic films
,,,,,,0.78878,,,Photonic films
,,,,,,0.78889,,,Photonic films
,,,,,,0.7872,,,Photonic films
,,,,,,0.78616,,,Photonic films
,,,,,,0.78481,,,Photonic films
,,,,,,0.78425,,,Photonic films
,,,,,,0.78297,,,Photonic films
,,,,,,0.78291,,,Photonic films
,,,,,,0.78084,,,Photonic films
,,,,,,0.77969,,,Photonic films
,,,,,,0.77896,,,Photonic films
0.0,,,,,0.0,,,,NO PRC films
0.05,,,,,0.0,,,,NO PRC films
0.1,,,,,0.0,,,,NO PRC films
0.15,,,,,0.0,,,,NO PRC films
0.2,,,,,0.0,,,,NO PRC films
0.25,,,,,0.0,,,,NO PRC films
0.3,,,,,0.0,,,,NO PRC films
0.35,,,,,0.0,,,,NO PRC films
0.4,,,,,0.0,,,,NO PRC films
0.45,,,,,0.0,,,,NO PRC films
0.5,,,,,0.0,,,,NO PRC films
0.55,,,,,0.0,,,,NO PRC films
0.6,,,,,0.0,,,,NO PRC films
0.65,,,,,0.0,,,,NO PRC films
0.7,,,,,0.0,,,,NO PRC films
0.75,,,,,0.0,,,,NO PRC films
0.8,,,,,0.0,,,,NO PRC films
0.85,,,,,0.0,,,,NO PRC films
0.9,,,,,0.0,,,,NO PRC films
0.95,,,,,0.0,,,,NO PRC films
1.0,,,,,0.0,,,,NO PRC films
1.05,,,,,0.0,,,,NO PRC films
1.1,,,,,0.0,,,,NO PRC films
1.15,,,,,0.0,,,,NO PRC films
1.2,,,,,0.0,,,,NO PRC films
1.25,,,,,0.0,,,,NO PRC films
1.3,,,,,0.0,,,,NO PRC films
1.35,,,,,0.0,,,,NO PRC films
1.4,,,,,0.0,,,,NO PRC films
1.45,,,,,0.0,,,,NO PRC films
1.5,,,,,0.0,,,,NO PRC films
1.55,,,,,0.0,,,,NO PRC films
1.6,,,,,0.0,,,,NO PRC films
1.65,,,,,0.0,,,,NO PRC films
1.7,,,,,0.0,,,,NO PRC films
1.75,,,,,0.0,,,,NO PRC films
1.8,,,,,0.0,,,,NO PRC films
1.85,,,,,0.0,,,,NO PRC films
1.9,,,,,0.0,,,,NO PRC films
1.95,,,,,0.0,,,,NO PRC films
2.0,,,,,0.0,,,,NO PRC films
2.05,,,,,0.0,,,0.03168147009436045,NO PRC films
2.1,,,,,0.0,,,0.031684293061394656,NO PRC films
2.15,,,,,0.0,,,0.03168594666436795,NO PRC films
2.2,,,,,0.0,,,0.03168649549065545,NO PRC films
2.25,,,,,0.0,,,0.03168600412763235,NO PRC films
2.3,,,,,0.0,,,0.03168453716267365,NO PRC films
2.35,,,,,0.0,,,0.03168215918315435,NO PRC films
2.4,,,,,0.0,,,0.0316789347764496,NO PRC films
2.45,,,,,0.0,,,0.031674928529934504,NO PRC films
2.5,,,,,0.0,,,0.03167020503098395,NO PRC films
2.55,,,,,0.0,,,0.031664828866973097,NO PRC films
2.6,,,,,0.0,,,0.03165886462527725,NO PRC films
2.65,,,,,0.0,,,0.03165237689327135,NO PRC films
2.7,,,,,0.0,,,0.03164543025833025,NO PRC films
2.75,,,,,0.0,,,0.0316380893078292,NO PRC films
2.8,,,,,0.0,,,0.0316304186291433,NO PRC films
2.85,,,,,0.0,,,0.0316224828096475,NO PRC films
2.9,,,,,0.0,,,0.0316143464367169,NO PRC films
2.95,,,,,0.0,,,0.031606074097726644,NO PRC films
3.0,,,,,0.0,,,0.03159773038005185,NO PRC films
3.05,,,,,0.0,,,0.0315893798710675,NO PRC films
3.1,,,,,0.0,,,0.031581087158148696,NO PRC films
3.15,,,,,0.0,,,0.0315729168286705,NO PRC films
3.2,,,,,0.0,,,0.03156493347000785,NO PRC films
3.25,,,,,0.0,,,0.031557201669536045,NO PRC films
3.3,,,,,0.0,,,0.03154978601463005,NO PRC films
3.35,,,,,0.0,,,0.0315427510926649,NO PRC films
3.4,,,,,0.0,,,0.03153616149101575,NO PRC films
3.45,,,,,0.0,,,0.03153008179705765,NO PRC films
3.5,,,,,0.0,,,0.03152457659816555,NO PRC films
3.55,,,,,0.0,,,0.0315197104817147,NO PRC films
3.6,,,,,0.0,,,0.03151554803508025,NO PRC films
3.65,,,,,0.0,,,0.03151215384563695,NO PRC films
3.7,,,,,0.0,,,0.0315216760661208,NO PRC films
3.75,,,,,0.0,,,0.0316525094661348,NO PRC films
3.8,,,,,0.0,,,0.0317735404134149,NO PRC films
3.85,,,,,0.0,,,0.0317008547134989,NO PRC films
3.9,,,,,0.0,,,0.0316735540756864,NO PRC films
3.95,,,,,0.0,,,0.03171981601484525,NO PRC films
4.0,,,,,0.0,0.97,,0.0317217102163813,NO PRC films
4.05,,,,,0.0,0.97,0.7545900000000001,0.03172422309015125,NO PRC films
4.1,,,,,0.0,0.97,0.75485,0.031724499446504045,NO PRC films
4.15,,,,,0.0,0.97,0.7567900000000001,0.031724496962030405,NO PRC films
4.2,,,,,0.0,0.97,0.758685,0.031724496967925606,NO PRC films
4.25,,,,,0.0,0.97,0.76014,0.03172449876191025,NO PRC films
4.3,,,,,0.0,0.97,0.76125,0.03172422809217785,NO PRC films
4.35,,,,,0.0,0.97,0.76264,0.0317328560068304,NO PRC films
4.4,,,,,0.0,0.97,0.76502,0.0317322500908002,NO PRC films
4.45,,,,,0.0,0.97,0.76705,0.0317170456372251,NO PRC films
4.5,,,,,0.0,0.97,0.768905,0.031717676296384154,NO PRC films
4.55,,,,,0.0,0.97,0.77132,0.03200711468691585,NO PRC films
4.6,,,,,0.0,0.97,0.77325,0.0321146243103115,NO PRC films
4.65,,,,,0.0,0.97,0.775055,0.032140610734276,NO PRC films
4.7,,,,,0.0,0.97,0.77686,0.0320547792207816,NO PRC films
4.75,,,,,0.0,0.97,0.778655,0.031755058510352846,NO PRC films
4.8,,,,,0.0,0.97,0.7809699999999999,0.031733642187616554,NO PRC films
4.85,,,,,0.0,0.97,0.7831049999999999,0.0317245114055066,NO PRC films
4.9,,,,,0.0,0.97,0.784885,0.03172449455991695,NO PRC films
4.95,,,,,0.0,0.97,0.7866,0.0317244612534269,NO PRC films
5.0,,,,,0.0,0.97,0.788675,0.03173376909049645,NO PRC films
5.05,,,,,0.0,0.97,0.7899700000000001,0.0317169294410782,NO PRC films
5.1,,,,,0.0,0.97,0.79147,0.03170546909782525,NO PRC films
5.15,,,,,0.0,0.97,0.7935650000000001,0.0317220102847776,NO PRC films
5.2,,,,,0.0,0.97,0.79506,0.0317339023482823,NO PRC films
5.25,,,,,0.0,0.97,0.796705,0.0317450280855833,NO PRC films
5.3,,,,,0.0,0.97,0.7985249999999999,0.031745619237148096,NO PRC films
5.35,,,,,0.0,0.97,0.8,0.0317341576311858,NO PRC films
5.4,,,,,0.0,0.97,0.8021,0.03172380929992415,NO PRC films
5.45,,,,,0.0,0.97,0.8037000000000001,0.03172447866587335,NO PRC films
5.5,,,,,0.0,0.97,0.80489,0.031724497251585396,NO PRC films
5.55,,,,,0.0,0.97,0.807395,0.0317244969471654,NO PRC films
5.6,,,,,0.0,0.97,0.8096,0.031724496949673955,NO PRC films
5.65,,,,,0.0,0.97,0.8109850000000001,0.03172449695929185,NO PRC films
5.7,,,,,0.0,0.97,0.8129200000000001,0.03172448198119345,NO PRC films
5.75,,,,,0.0,0.97,0.8150850000000001,0.0317254862183116,NO PRC films
5.8,,,,,0.0,0.97,0.81671,0.031722117969750094,NO PRC films
5.85,,,,,0.0,0.97,0.8185100000000001,0.03171945142500725,NO PRC films
5.9,,,,,0.0,0.97,0.82043,0.03169755368570585,NO PRC films
5.95,,,,,0.0,0.97,0.82226,0.031711716305361654,NO PRC films
6.0,,,,,0.0,0.97,0.8243849999999999,0.0317401891902959,NO PRC films
6.05,,,,,0.0,0.97,0.8262,0.03163734364439425,NO PRC films
6.1,,,,,0.0,0.97,0.827855,0.03163198288656265,NO PRC films
6.15,,,,,0.0,0.97,0.829635,0.03172237787618185,NO PRC films
6.2,,,,,0.0,0.97,0.8309850000000001,0.031724546477331556,NO PRC films
6.25,,,,,0.0,0.97,0.8324400000000001,0.031724496030961,NO PRC films
6.3,,,,,0.0,0.97,0.83338,0.03172457184640225,NO PRC films
6.35,,,,,0.0,0.97,0.833915,0.031723260043243745,NO PRC films
6.4,,,,,0.0,0.97,0.834835,0.031737226648938896,NO PRC films
6.45,,,,,0.0,0.97,0.8353349999999999,0.0317383936165805,NO PRC films
6.5,,,,,0.0,0.97,0.83533,0.031724166188796296,NO PRC films
6.55,,,,,0.0,0.97,0.83533,0.0317243437867033,NO PRC films
6.6,,,,,0.0,0.97,0.83533,0.0317239183338334,NO PRC films
6.65,,,,,0.0,0.97,0.8344050000000001,0.0317201788752623,NO PRC films
6.7,,,,,0.0,0.97,0.833495,0.03171926065942595,NO PRC films
6.75,,,,,0.0,0.97,0.833085,0.031693803918473554,NO PRC films
6.8,,,,,0.0,0.97,0.8319,0.0316951927565151,NO PRC films
6.85,,,,,0.0,0.97,0.829985,0.03172436219395775,NO PRC films
6.9,,,,,0.0,0.97,0.828175,0.0317245022268827,NO PRC films
6.95,,,,,0.0,0.97,0.82613,0.03172449690549025,NO PRC films
7.0,,,,,0.0,0.97,0.822775,0.031724497240350646,NO PRC films
7.05,,,,,0.0,0.97,0.8197000000000001,0.031724486800922005,NO PRC films
7.1,,,,,0.0,0.97,0.81715,0.03172318404761425,NO PRC films
7.15,,,,,0.0,0.97,0.81366,0.03173305711391915,NO PRC films
7.2,,,,,0.0,0.97,0.8105800000000001,0.0317353389208781,NO PRC films
7.25,,,,,0.0,0.97,0.807525,0.031679696925459355,NO PRC films
7.3,,,,,0.0,0.97,0.8032699999999999,0.03171329504831025,NO PRC films
7.35,,,,,0.0,0.97,0.798735,0.0317967144224589,NO PRC films
7.4,,,,,0.0,0.97,0.7935099999999999,0.031404921938998145,NO PRC films
7.45,,,,,0.0,0.97,0.7878700000000001,0.03105568068169295,NO PRC films
7.5,,,,,0.0,0.97,0.782745,0.03108353614692955,NO PRC films
7.55,,,,,0.0,0.97,0.777345,0.03107226914218315,NO PRC films
7.6,,,,,0.0,0.97,0.77237,0.0310779003455582,NO PRC films
7.65,,,,,0.0,0.97,0.766865,0.03107704921791165,NO PRC films
7.7,,,,,0.0,0.97,0.760205,0.0310770570088963,NO PRC films
7.75,,,,,0.0,0.97,0.7541100000000001,0.03107711987897365,NO PRC films
7.8,,,,,0.0,0.97,0.7486999999999999,0.03107593199448385,NO PRC films
7.85,,,,,0.0,0.97,0.74256,0.0310720166065559,NO PRC films
7.9,,,,,0.0,0.97,0.73565,0.031083471695973502,NO PRC films
7.95,,,,,0.0,0.97,0.7294350000000001,0.03136626689388015,NO PRC films
8.0,,,,,0.0,0.97,0.72249,0.031382778806241,NO PRC films
8.05,,,,,0.0,0.97,0.715495,0.03084718958434865,NO PRC films
8.1,,,,,0.0,0.97,0.70903,0.03019833497493575,NO PRC films
8.15,,,,,0.0,0.97,0.7029749999999999,0.030068753436473,NO PRC films
8.2,,,,,0.0,0.97,0.696255,0.03030029158875905,NO PRC films
8.25,,,,,0.0,0.97,0.68878,0.0303632810476018,NO PRC films
8.3,,,,,0.0,0.97,0.6821,0.030430094536474148,NO PRC films
8.35,,,,,0.0,0.97,0.67473,0.03042961348135885,NO PRC films
8.4,,,,,0.0,0.97,0.6670149999999999,0.0304216979919836,NO PRC films
8.45,,,,,0.0,0.97,0.6603749999999999,0.03028554662353335,NO PRC films
8.5,,,,,0.0,0.97,0.654155,0.03068678338811395,NO PRC films
8.55,,,,,0.0,0.97,0.64663,0.031183936316798,NO PRC films
8.6,,,,,0.0,0.97,0.6391,0.0306953463502165,NO PRC films
8.65,,,,,0.0,0.97,0.633065,0.0306316458257994,NO PRC films
8.7,,,,,0.0,0.97,0.626405,0.030880745544814,NO PRC films
8.75,,,,,0.0,0.97,0.61939,0.030267033408801748,NO PRC films
8.8,,,,,0.0,0.97,0.61284,0.030115299244225,NO PRC films
8.85,,,,,0.0,0.97,0.605205,0.0304316585526065,NO PRC films
8.9,,,,,0.0,0.97,0.59853,0.030429567654361098,NO PRC films
8.95,,,,,0.0,0.97,0.592325,0.0304296199351873,NO PRC films
9.0,,,,,0.0,0.97,0.58517,0.03042960350720115,NO PRC films
9.05,,,,,0.0,0.97,0.57822,0.03042994720656295,NO PRC films
9.1,,,,,0.0,0.97,0.5715950000000001,0.0305263394915521,NO PRC films
9.15,,,,,0.0,0.97,0.56567,0.030533438923352953,NO PRC films
9.2,,,,,0.0,0.97,0.55994,0.03045266252157705,NO PRC films
9.25,,,,,0.0,0.97,0.5536449999999999,0.03052730753570875,NO PRC films
9.3,,,,,0.0,0.97,0.54766,0.030704876674084898,NO PRC films
9.35,,,,,0.0,0.97,0.54188,0.03050130163212625,NO PRC films
9.4,,,,,0.0,0.97,0.535245,0.0299897622392672,NO PRC films
9.45,,,,,0.0,0.97,0.5293650000000001,0.0304224249548508,NO PRC films
9.5,,,,,0.0,0.97,0.52443,0.03106446553363105,NO PRC films
9.55,,,,,0.0,0.97,0.5190699999999999,0.031076250818423252,NO PRC films
9.6,,,,,0.0,0.97,0.513125,0.03111493505374425,NO PRC films
9.65,,,,,0.0,0.97,0.50769,0.03068195101009325,NO PRC films
9.7,,,,,0.0,0.97,0.50219,0.0302117548487636,NO PRC films
9.75,,,,,0.0,0.97,0.49728,0.030213712414565448,NO PRC films
9.8,,,,,0.0,0.97,0.492675,0.030195284410150548,NO PRC films
9.85,,,,,0.0,0.97,0.487255,0.0298006297732226,NO PRC films
9.9,,,,,0.0,0.97,0.48246500000000003,0.0292797278512901,NO PRC films
9.95,,,,,0.0,0.97,0.47767000000000004,0.02936455632090985,NO PRC films
10.0,,,,,0.0,0.97,0.472735,0.029357784514710203,NO PRC films
10.05,,,,,0.0,0.97,0.46852499999999997,0.0291051933763921,NO PRC films
10.1,,,,,0.0,0.97,0.46396499999999996,0.029528584507186553,NO PRC films
10.15,,,,,0.0,0.97,0.45943500000000004,0.030091844626644403,NO PRC films
10.2,,,,,0.0,0.97,0.45481000000000005,0.0302144908405707,NO PRC films
10.25,,,,,0.0,0.97,0.45051,0.030213806711878448,NO PRC films
10.3,,,,,0.0,0.97,0.44724,0.0302138064916983,NO PRC films
10.35,,,,,0.0,0.97,0.44359000000000004,0.03021380596854545,NO PRC films
10.4,,,,,0.0,0.97,0.43933500000000003,0.03021405423013345,NO PRC films
10.45,,,,,0.0,0.97,0.434905,0.03020013366248825,NO PRC films
10.5,,,,,0.0,0.97,0.43132000000000004,0.02962113119695755,NO PRC films
10.55,,,,,0.0,0.97,0.42821,0.0290798510576703,NO PRC films
10.6,,,,,0.0,0.97,0.424585,0.02957529424964005,NO PRC films
10.65,,,,,0.0,0.97,0.42091500000000004,0.02956790567937425,NO PRC films
10.7,,,,,0.0,0.97,0.417625,0.0291324617552374,NO PRC films
10.75,,,,,0.0,0.97,0.414415,0.02915765498549345,NO PRC films
10.8,,,,,0.0,0.97,0.411455,0.0296630913960048,NO PRC films
10.85,,,,,0.0,0.97,0.40825500000000003,0.0302007361175743,NO PRC films
10.9,,,,,0.0,0.97,0.404935,0.030214053948919,NO PRC films
10.95,,,,,0.0,0.97,0.40136,0.030213805860254052,NO PRC films
11.0,,,,,0.0,0.97,0.398335,0.03021380719688545,NO PRC films
11.05,,,,,0.0,0.97,0.396215,0.0302138041165919,NO PRC films
11.1,,,,,0.0,0.97,0.39418,0.0302096434737419,NO PRC films
11.15,,,,,0.0,0.97,0.39180000000000004,0.02997729181016125,NO PRC films
11.2,,,,,0.0,0.97,0.3889,0.02977784102454105,NO PRC films
11.25,,,,,0.0,0.97,0.38619000000000003,0.0297984917434718,NO PRC films
11.3,,,,,0.0,0.97,0.38368,0.0298822917454615,NO PRC films
11.35,,,,,0.0,0.97,0.38129,0.02950282643008125,NO PRC films
11.4,,,,,0.0,0.97,0.378985,0.02897603615730175,NO PRC films
11.45,,,,,0.0,0.97,0.376845,0.03157511781361865,NO PRC films
11.5,,,,,0.0,0.97,0.37474,0.03220725693237545,NO PRC films
11.55,,,,,0.0,0.97,0.37263,0.03019973959468715,NO PRC films
11.6,,,,,0.0,0.97,0.37087000000000003,0.0302141992564707,NO PRC films
11.65,,,,,0.0,0.97,0.3688,0.03021380432242255,NO PRC films
11.7,,,,,0.0,0.97,0.366665,0.03021380099957385,NO PRC films
11.75,,,,,0.0,0.97,0.36453,0.0302139420811791,NO PRC films
11.8,,,,,0.0,0.97,0.3621,0.030243569639188,NO PRC films
11.85,,,,,0.0,0.97,0.36045000000000005,0.029712975010134,NO PRC films
11.9,,,,,0.0,0.97,0.358965,0.0291617805852485,NO PRC films
11.95,,,,,0.0,0.97,0.35680999999999996,0.029227793270343,NO PRC films
12.0,,,,,0.0,0.97,0.35494,0.02930762832082815,NO PRC films
12.05,,,,,0.0,0.97,0.35328499999999996,0.0291563213345957,NO PRC films
12.1,,,,,0.0,0.97,0.35185,0.0290277236974372,NO PRC films
12.15,,,,,0.0,0.97,0.35067000000000004,0.02963494097659535,NO PRC films
12.2,,,,,0.0,0.97,0.34909,0.03020524834059965,NO PRC films
12.25,,,,,0.0,0.97,0.34706000000000004,0.03021378038113225,NO PRC films
12.3,,,,,0.0,0.97,0.34533,0.0302138080865138,NO PRC films
12.35,,,,,0.0,0.97,0.344415,0.0302138066965914,NO PRC films
12.4,,,,,0.0,0.97,0.34308,0.03021378796967765,NO PRC films
12.45,,,,,0.0,0.97,0.341255,0.030214582343594698,NO PRC films
12.5,,,,,0.0,0.97,0.339925,0.02994023412345145,NO PRC films
12.55,,,,,0.0,0.97,0.33872,0.0293236485675149,NO PRC films
12.6,,,,,0.0,0.97,0.336985,0.029051045647314748,NO PRC films
12.65,,,,,0.0,0.97,0.335495,0.0296976238876192,NO PRC films
12.7,,,,,0.0,0.97,0.33432,0.0297023073279072,NO PRC films
12.75,,,,,0.0,0.97,0.333045,0.029084934647095398,NO PRC films
12.8,,,,,0.0,0.97,0.332225,0.02968358885610485,NO PRC films
12.85,,,,,0.0,0.97,0.33103000000000005,0.03026935078877395,NO PRC films
12.9,,,,,0.0,0.97,0.32937000000000005,0.030212983354000952,NO PRC films
12.95,,,,,0.0,0.97,0.32877,0.03021380706587515,NO PRC films
13.0,,,,,0.0,0.97,0.327565,0.030213806677133352,NO PRC films
13.05,,,,,0.0,0.97,0.32642499999999997,0.03021380578187145,NO PRC films
13.1,,,,,0.0,0.97,0.32552000000000003,0.03021422510625745,NO PRC films
13.15,,,,,0.0,0.97,0.32438,0.03018916120385575,NO PRC films
13.2,,,,,0.0,0.97,0.32345999999999997,0.02930601470065545,NO PRC films
13.25,,,,,0.0,0.97,0.322295,0.0286286964948516,NO PRC films
13.3,,,,,0.0,0.97,0.32138999999999995,0.02894936021733565,NO PRC films
13.35,,,,,0.0,0.97,0.3198,0.02938654085509745,NO PRC films
13.4,,,,,0.0,0.97,0.318265,0.02935116523596765,NO PRC films
13.45,,,,,0.0,0.97,0.317485,0.0290710620473554,NO PRC films
13.5,,,,,0.0,0.97,0.31689500000000004,0.02949406354355575,NO PRC films
13.55,,,,,0.0,0.97,0.31659499999999996,0.02969536411462135,NO PRC films
13.6,,,,,0.0,0.97,0.31538999999999995,0.02926484801108075,NO PRC films
13.65,,,,,0.0,0.97,0.313845,0.0290194562532055,NO PRC films
13.7,,,,,0.0,0.97,0.313215,0.02908526538727885,NO PRC films
13.75,,,,,0.0,0.97,0.31294,0.029135091499177902,NO PRC films
13.8,,,,,0.0,0.97,0.3117,0.029107160215583003,NO PRC films
13.85,,,,,0.0,0.97,0.310205,0.0289406759700174,NO PRC films
13.9,,,,,0.0,0.97,0.309335,0.02886885845812805,NO PRC films
13.95,,,,,0.0,0.97,0.30871499999999996,0.02876621929318875,NO PRC films
14.0,,,,,0.0,0.97,0.30784999999999996,0.0284706404842414,NO PRC films
14.05,,,,,0.0,0.97,0.30691999999999997,0.02836378868443585,NO PRC films
14.1,,,,,0.0,0.97,0.30651,0.0281551025933242,NO PRC films
14.15,,,,,0.0,0.97,0.30615000000000003,0.0281194003575901,NO PRC films
14.2,,,,,0.0,0.97,0.30558,0.0287774643314792,NO PRC films
14.25,,,,,0.0,0.97,0.30391,0.0283103109604654,NO PRC films
14.3,,,,,0.0,0.97,0.30239,0.0283576956346746,NO PRC films
14.35,,,,,0.0,0.97,0.30182,0.0293443952290268,NO PRC films
14.4,,,,,0.0,0.97,0.301515,0.02935048129421155,NO PRC films
14.45,,,,,0.0,0.97,0.30123999999999995,0.02935054176598785,NO PRC films
14.5,,,,,0.0,0.97,0.3,0.0293478691583703,NO PRC films
14.55,,,,,0.0,0.97,0.29923500000000003,0.029132478915049352,NO PRC films
14.6,,,,,0.0,0.97,0.29896,0.0286255103380507,NO PRC films
14.65,,,,,0.0,0.97,0.29774,0.027976683396761452,NO PRC films
14.7,,,,,0.0,0.97,0.29717499999999997,0.0279867629482884,NO PRC films
14.75,,,,,0.0,0.97,0.295925,0.027952417212524852,NO PRC films
14.8,,,,,0.0,0.97,0.294655,0.02764636690878275,NO PRC films
14.85,,,,,0.0,0.97,0.29464999999999997,0.02853274785351385,NO PRC films
14.9,,,,,0.0,0.97,0.294045,0.02933862810264715,NO PRC films
14.95,,,,,0.0,0.97,0.293465,0.0291836703386918,NO PRC films
15.0,,,,,0.0,0.97,0.29266000000000003,0.028750153595202048,NO PRC films
15.05,,,,,0.0,0.97,0.291445,0.0284856741791286,NO PRC films
15.1,,,,,0.0,0.97,0.29102,0.028487263921074903,NO PRC films
15.15,,,,,0.0,0.97,0.29073499999999997,0.028488693852107852,NO PRC films
15.2,,,,,0.0,0.97,0.289825,0.0280984202652588,NO PRC films
15.25,,,,,0.0,0.97,0.289215,0.02742832358045145,NO PRC films
15.3,,,,,0.0,0.97,0.28803,0.0271629844593614,NO PRC films
15.35,,,,,0.0,0.97,0.2871,0.02721899278690445,NO PRC films
15.4,,,,,0.0,0.97,0.287055,0.0272012916467073,NO PRC films
15.45,,,,,0.0,0.97,0.28612499999999996,0.0271382638152615,NO PRC films
15.5,,,,,0.0,0.97,0.285535,0.02735591206102975,NO PRC films
15.55,,,,,0.0,0.97,0.28537,0.02725263787907925,NO PRC films
15.6,,,,,0.0,0.97,0.28415999999999997,0.0267370001829633,NO PRC films
15.65,,,,,0.0,0.97,0.28312,0.026544791738424098,NO PRC films
15.7,,,,,0.0,0.97,0.28311,0.026544845683755952,NO PRC films
15.75,,,,,0.0,0.97,0.28217499999999995,0.0265437070614183,NO PRC films
15.8,,,,,0.0,0.97,0.281265,0.02617249612222465,NO PRC films
15.85,,,,,0.0,0.97,0.281005,0.025636047629235797,NO PRC films
15.9,,,,,0.0,0.97,0.279825,0.025834884481618747,NO PRC films
15.95,,,,,0.0,0.97,0.27888999999999997,0.0261999951912247,NO PRC films
16.0,,,,,0.0,0.97,0.27890499999999996,,NO PRC films
16.05,,,,,0.0,0.97,0.278215,,NO PRC films
16.1,,,,,,0.97,0.277545,,NO PRC films
16.15,,,,,,0.97,0.277555,,NO PRC films
16.2,,,,,,0.97,0.27632,,NO PRC films
16.25,,,,,,0.97,0.275175,,NO PRC films
16.3,,,,,,0.97,0.27519499999999997,,NO PRC films
16.35,,,,,,0.97,0.27458499999999997,,NO PRC films
16.4,,,,,,0.97,0.274015,,NO PRC films
16.45,,,,,,0.97,0.273695,,NO PRC films
16.5,,,,,,0.97,0.27258000000000004,,NO PRC films
16.55,,,,,,0.97,0.27168000000000003,,NO PRC films
16.6,,,,,,0.97,0.27154500000000004,,NO PRC films
16.65,,,,,,0.97,0.271355,,NO PRC films
16.7,,,,,,0.97,0.270435,,NO PRC films
16.75,,,,,,0.97,0.26972,,NO PRC films
16.8,,,,,,0.97,0.26904,,NO PRC films
16.85,,,,,,0.97,0.26782,,NO PRC films
16.9,,,,,,0.97,0.267285,,NO PRC films
16.95,,,,,,0.97,0.267165,,NO PRC films
17.0,,,,,,0.97,0.26595,,NO PRC films
17.05,,,,,,0.97,0.26485,,NO PRC films
17.1,,,,,,0.97,0.26485,,NO PRC films
17.15,,,,,,0.97,0.26461999999999997,,NO PRC films
17.2,,,,,,0.97,0.26428,,NO PRC films
17.25,,,,,,0.97,0.264205,,NO PRC films
17.3,,,,,,0.97,0.26404,,NO PRC films
17.35,,,,,,0.97,0.26249,,NO PRC films
17.4,,,,,,0.97,0.261165,,NO PRC films
17.45,,,,,,0.97,0.26115999999999995,,NO PRC films
17.5,,,,,,0.97,0.26022999999999996,,NO PRC films
17.55,,,,,,0.97,0.25934999999999997,,NO PRC films
17.6,,,,,,0.97,0.25936499999999996,,NO PRC films
17.65,,,,,,0.97,0.25936,,NO PRC films
17.7,,,,,,0.97,0.25841499999999995,,NO PRC films
17.75,,,,,,0.97,0.257505,,NO PRC films
17.8,,,,,,0.97,0.257545,,NO PRC films
17.85,,,,,,0.97,0.257025,,NO PRC films
17.9,,,,,,0.97,0.256105,,NO PRC films
17.95,,,,,,0.97,0.25571,,NO PRC films
18.0,,,,,,0.97,0.255675,,NO PRC films
18.05,,,,,,0.97,0.25444999999999995,,NO PRC films
18.1,,,,,,0.97,0.25327,,NO PRC films
18.15,,,,,,0.97,0.25328,,NO PRC films
18.2,,,,,,0.97,0.25294,,NO PRC films
18.25,,,,,,0.97,0.25233,,NO PRC films
18.3,,,,,,0.97,0.25206,,NO PRC films
18.35,,,,,,0.97,0.25204000000000004,,NO PRC films
18.4,,,,,,0.97,0.250825,,NO PRC films
18.45,,,,,,0.97,0.24963,,NO PRC films
18.5,,,,,,0.97,0.24963,,NO PRC films
18.55,,,,,,0.97,0.24956,,NO PRC films
18.6,,,,,,0.97,0.24895,,NO PRC films
18.65,,,,,,0.97,0.24841,,NO PRC films
18.7,,,,,,0.97,0.24841,,NO PRC films
18.75,,,,,,0.97,0.24801,,NO PRC films
18.8,,,,,,0.97,0.246465,,NO PRC films
18.85,,,,,,0.97,0.24534,,NO PRC films
18.9,,,,,,0.97,0.24536,,NO PRC films
18.95,,,,,,0.97,0.24536,,NO PRC films
19.0,,,,,,0.97,0.244425,,NO PRC films
19.05,,,,,,0.97,0.243515,,NO PRC films
19.1,,,,,,0.97,0.24354,,NO PRC films
19.15,,,,,,0.97,0.243285,,NO PRC films
19.2,,,,,,0.97,0.242375,,NO PRC films
19.25,,,,,,0.97,0.241715,,NO PRC films
19.3,,,,,,0.97,0.24171,,NO PRC films
19.35,,,,,,0.97,0.24172500000000002,,NO PRC films
19.4,,,,,,0.97,0.24115999999999999,,NO PRC films
19.45,,,,,,0.97,0.240195,,NO PRC films
19.5,,,,,,0.97,0.240175,,NO PRC films
19.55,,,,,,0.97,0.23978,,NO PRC films
19.6,,,,,,0.97,0.238235,,NO PRC films
19.65,,,,,,0.97,0.23745,,NO PRC films
19.7,,,,,,0.97,0.23745,,NO PRC films
19.75,,,,,,0.97,0.23744500000000002,,NO PRC films
19.8,,,,,,0.97,0.23686000000000001,,NO PRC films
19.85,,,,,,0.97,0.236255,,NO PRC films
19.9,,,,,,0.97,0.23623,,NO PRC films
19.95,,,,,,0.97,0.23622500000000002,,NO PRC films
,,,,,,0.97,0.23622,,NO PRC films
,,,,,,0.97,,,NO PRC films
,,,,,,0.97,,,NO PRC films
,,,,,,0.97,,,NO PRC films
,,,,,,0.97,,,NO PRC films
,,,,,,0.97,,,NO PRC films
,,,,,,0.97,,,NO PRC films
,,,,,,0.97,,,NO PRC films
,,,,,,0.97,,,NO PRC films
,,,,,,0.97,,,NO PRC films
,,,,,,0.97,,,NO PRC films
,,,,,,0.97,,,NO PRC films
,,,,,,0.97,,,NO PRC films
,,,,,,0.97,,,NO PRC films
,,,,,,0.97,,,NO PRC films
,,,,,,0.97,,,NO PRC films
,,,,,,0.97,,,NO PRC films
,,,,,,0.97,,,NO PRC films
,,,,,,0.97,,,NO PRC films
,,,,,,0.97,,,NO PRC films
,,,,,,0.97,,,NO PRC films
,,,,,,0.97,,,NO PRC films
,,,,,,0.97,,,NO PRC films
,,,,,,0.97,,,NO PRC films
,,,,,,0.97,,,NO PRC films
,,,,,,0.97,,,NO PRC films
,,,,,,0.97,,,NO PRC films
,,,,,,0.97,,,NO PRC films
,,,,,,0.97,,,NO PRC films
,,,,,,0.97,,,NO PRC films
,,,,,,0.97,,,NO PRC films
,,,,,,0.97,,,NO PRC films
,,,,,,0.97,,,NO PRC films
,,,,,,0.97,,,NO PRC films
,,,,,,0.97,,,NO PRC films
,,,,,,0.97,,,NO PRC films
,,,,,,0.97,,,NO PRC films
,,,,,,0.97,,,NO PRC films
,,,,,,0.97,,,NO PRC films
,,,,,,0.97,,,NO PRC films
,,,,,,0.97,,,NO PRC films
,,,,,,0.97,,,NO PRC films
,,,,,,0.97,,,NO PRC films
,,,,,,0.97,,,NO PRC films
,,,,,,0.97,,,NO PRC films
,,,,,,0.97,,,NO PRC films
,,,,,,0.97,,,NO PRC films
,,,,,,0.97,,,NO PRC films
,,,,,,0.97,,,NO PRC films
,,,,,,0.97,,,NO PRC films
,,,,,,0.97,,,NO PRC films
,,,,,,0.97,,,NO PRC films
,,,,,,0.97,,,NO PRC films
,,,,,,0.97,,,NO PRC films
,,,,,,0.97,,,NO PRC films
,,,,,,0.97,,,NO PRC films
,,,,,,0.97,,,NO PRC films
,,,,,,0.97,,,NO PRC films
,,,,,,0.97,,,NO PRC films
,,,,,,0.97,,,NO PRC films
,,,,,,0.97,,,NO PRC films
,,,,,,0.97,,,NO PRC films
,,,,,,0.97,,,NO PRC films
,,,,,,0.97,,,NO PRC films
,,,,,,0.97,,,NO PRC films
,,,,,,0.97,,,NO PRC films
,,,,,,0.97,,,NO PRC films
,,,,,,0.97,,,NO PRC films
,,,,,,0.97,,,NO PRC films
,,,,,,0.97,,,NO PRC films
,,,,,,0.97,,,NO PRC films
,,,,,,0.97,,,NO PRC films
,,,,,,0.97,,,NO PRC films
,,,,,,0.97,,,NO PRC films
,,,,,,0.97,,,NO PRC films
,,,,,,0.97,,,NO PRC films
,,,,,,0.97,,,NO PRC films
,,,,,,0.97,,,NO PRC films
,,,,,,0.97,,,NO PRC films
,,,,,,0.97,,,NO PRC films
,,,,,,0.97,,,NO PRC films
,,,,,,0.97,,,NO PRC films
,,,,,,0.97,,,NO PRC films
,,,,,,0.97,,,NO PRC films
,,,,,,0.97,,,NO PRC films
,,,,,,0.97,,,NO PRC films
,,,,,,0.97,,,NO PRC films
,,,,,,0.97,,,NO PRC films
,,,,,,0.97,,,NO PRC films
,,,,,,0.97,,,NO PRC films
,,,,,,0.97,,,NO PRC films
,,,,,,0.97,,,NO PRC films
,,,,,,0.97,,,NO PRC films
,,,,,,0.97,,,NO PRC films
,,,,,,0.97,,,NO PRC films
,,,,,,0.97,,,NO PRC films
,,,,,,0.97,,,NO PRC films
,,,,,,0.97,,,NO PRC films
,,,,,,0.97,,,NO PRC films
,,,,,,0.97,,,NO PRC films
4.05,,,,,0.42118,,,,EPS_SKY_CORRECT
4.05,,,,,0.19577,,,,EPS_SKY_CORRECT
4.1,,,,,0.74676,,,,EPS_SKY_CORRECT
4.1,,,,,0.65493,,,,EPS_SKY_CORRECT
4.1,,,,,0.46292,,,,EPS_SKY_CORRECT
4.15,,,,,0.9193,,,,EPS_SKY_CORRECT
4.15,,,,,0.76068,,,,EPS_SKY_CORRECT
4.2,,,,,0.97495,,,,EPS_SKY_CORRECT
4.25,,,,,0.99165,,,,EPS_SKY_CORRECT
4.3,,,,,0.99165,,,,EPS_SKY_CORRECT
4.35,,,,,0.99165,,,,EPS_SKY_CORRECT
4.4,,,,,0.99165,,,,EPS_SKY_CORRECT
4.45,,,,,0.9833,,,,EPS_SKY_CORRECT
4.5,,,,,0.95269,,,,EPS_SKY_CORRECT
4.55,,,,,0.91373,,,,EPS_SKY_CORRECT
4.55,,,,,0.80242,,,,EPS_SKY_CORRECT
4.55,,,,,0.56032,,,,EPS_SKY_CORRECT
4.55,,,,,0.34882,,,,EPS_SKY_CORRECT
4.6,,,,,0.99165,,,,EPS_SKY_CORRECT
4.6,,,,,0.66328,,,,EPS_SKY_CORRECT
4.6,,,,,0.4991,,,,EPS_SKY_CORRECT
4.6,,,,,0.30986,,,,EPS_SKY_CORRECT
4.65,,,,,0.31821,,,,EPS_SKY_CORRECT
4.7,,,,,0.40448,,,,EPS_SKY_CORRECT
4.75,,,,,0.49631,,,,EPS_SKY_CORRECT
4.8,,,,,0.63824,,,,EPS_SKY_CORRECT
4.8,,,,,0.45735,,,,EPS_SKY_CORRECT
4.85,,,,,0.63267,,,,EPS_SKY_CORRECT
4.9,,,,,0.6271,,,,EPS_SKY_CORRECT
4.95,,,,,0.67719,,,,EPS_SKY_CORRECT
5.0,,,,,0.74676,,,,EPS_SKY_CORRECT
5.05,,,,,0.77181,,,,EPS_SKY_CORRECT
5.1,,,,,0.95269,,,,EPS_SKY_CORRECT
5.1,,,,,0.80242,,,,EPS_SKY_CORRECT
5.15,,,,,0.95269,,,,EPS_SKY_CORRECT
5.2,,,,,0.96661,,,,EPS_SKY_CORRECT
5.25,,,,,0.97774,,,,EPS_SKY_CORRECT
5.3,,,,,0.98887,,,,EPS_SKY_CORRECT
5.35,,,,,0.98887,,,,EPS_SKY_CORRECT
5.4,,,,,0.98887,,,,EPS_SKY_CORRECT
5.45,,,,,0.99165,,,,EPS_SKY_CORRECT
5.5,,,,,0.99165,,,,EPS_SKY_CORRECT
5.55,,,,,0.99165,,,,EPS_SKY_CORRECT
5.6,,,,,0.99165,,,,EPS_SKY_CORRECT
5.65,,,,,0.99165,,,,EPS_SKY_CORRECT
5.7,,,,,0.99165,,,,EPS_SKY_CORRECT
5.75,,,,,0.99443,,,,EPS_SKY_CORRECT
5.8,,,,,0.99443,,,,EPS_SKY_CORRECT
5.85,,,,,0.99443,,,,EPS_SKY_CORRECT
5.9,,,,,0.99722,,,,EPS_SKY_CORRECT
5.95,,,,,0.99722,,,,EPS_SKY_CORRECT
6.0,,,,,0.99722,,,,EPS_SKY_CORRECT
6.05,,,,,0.99443,,,,EPS_SKY_CORRECT
6.1,,,,,0.99443,,,,EPS_SKY_CORRECT
6.15,,,,,0.99443,,,,EPS_SKY_CORRECT
6.2,,,,,0.99443,,,,EPS_SKY_CORRECT
6.25,,,,,0.99443,,,,EPS_SKY_CORRECT
6.3,,,,,0.99443,,,,EPS_SKY_CORRECT
6.35,,,,,0.99443,,,,EPS_SKY_CORRECT
6.4,,,,,0.99443,,,,EPS_SKY_CORRECT
6.45,,,,,0.99443,,,,EPS_SKY_CORRECT
6.5,,,,,0.99443,,,,EPS_SKY_CORRECT
6.55,,,,,0.99443,,,,EPS_SKY_CORRECT
6.6,,,,,0.99443,,,,EPS_SKY_CORRECT
6.65,,,,,0.99443,,,,EPS_SKY_CORRECT
6.7,,,,,0.99443,,,,EPS_SKY_CORRECT
6.75,,,,,0.99443,,,,EPS_SKY_CORRECT
6.8,,,,,0.99443,,,,EPS_SKY_CORRECT
6.85,,,,,0.99443,,,,EPS_SKY_CORRECT
6.9,,,,,0.99443,,,,EPS_SKY_CORRECT
6.95,,,,,0.99443,,,,EPS_SKY_CORRECT
7.0,,,,,0.99443,,,,EPS_SKY_CORRECT
7.05,,,,,0.99443,,,,EPS_SKY_CORRECT
7.1,,,,,0.99443,,,,EPS_SKY_CORRECT
7.15,,,,,0.99443,,,,EPS_SKY_CORRECT
7.2,,,,,0.99443,,,,EPS_SKY_CORRECT
7.25,,,,,0.99443,,,,EPS_SKY_CORRECT
7.3,,,,,0.99443,,,,EPS_SKY_CORRECT
7.35,,,,,0.99443,,,,EPS_SKY_CORRECT
7.4,,,,,0.99443,,,,EPS_SKY_CORRECT
7.45,,,,,0.99165,,,,EPS_SKY_CORRECT
7.5,,,,,0.98887,,,,EPS_SKY_CORRECT
7.55,,,,,0.98609,,,,EPS_SKY_CORRECT
7.6,,,,,0.9833,,,,EPS_SKY_CORRECT
7.65,,,,,0.96382,,,,EPS_SKY_CORRECT
7.7,,,,,0.96104,,,,EPS_SKY_CORRECT
7.75,,,,,0.94434,,,,EPS_SKY_CORRECT
7.8,,,,,0.94156,,,,EPS_SKY_CORRECT
7.85,,,,,0.94156,,,,EPS_SKY_CORRECT
7.9,,,,,0.98052,,,,EPS_SKY_CORRECT
7.9,,,,,0.78851,,,,EPS_SKY_CORRECT
7.95,,,,,0.97217,,,,EPS_SKY_CORRECT
7.95,,,,,0.76903,,,,EPS_SKY_CORRECT
8.0,,,,,0.92765,,,,EPS_SKY_CORRECT
8.0,,,,,0.69667,,,,EPS_SKY_CORRECT
8.05,,,,,0.66606,,,,EPS_SKY_CORRECT
8.05,,,,,0.4657,,,,EPS_SKY_CORRECT
8.1,,,,,0.6271,,,,EPS_SKY_CORRECT
8.1,,,,,0.41839,,,,EPS_SKY_CORRECT
8.15,,,,,0.46848,,,,EPS_SKY_CORRECT
8.2,,,,,0.56032,,,,EPS_SKY_CORRECT
8.25,,,,,0.56032,,,,EPS_SKY_CORRECT
8.25,,,,,0.33213,,,,EPS_SKY_CORRECT
8.3,,,,,0.30986,,,,EPS_SKY_CORRECT
8.35,,,,,0.3043,,,,EPS_SKY_CORRECT
8.4,,,,,0.31821,,,,EPS_SKY_CORRECT
8.45,,,,,0.32378,,,,EPS_SKY_CORRECT
8.5,,,,,0.32378,,,,EPS_SKY_CORRECT
8.55,,,,,0.38222,,,,EPS_SKY_CORRECT
8.55,,,,,0.19577,,,,EPS_SKY_CORRECT
8.6,,,,,0.2236,,,,EPS_SKY_CORRECT
8.65,,,,,0.21525,,,,EPS_SKY_CORRECT
8.7,,,,,0.21803,,,,EPS_SKY_CORRECT
8.75,,,,,0.21803,,,,EPS_SKY_CORRECT
8.8,,,,,0.2069,,,,EPS_SKY_CORRECT
8.85,,,,,0.18464,,,,EPS_SKY_CORRECT
8.9,,,,,0.14846,,,,EPS_SKY_CORRECT
8.95,,,,,0.14846,,,,EPS_SKY_CORRECT
9.0,,,,,0.17351,,,,EPS_SKY_CORRECT
9.05,,,,,0.15681,,,,EPS_SKY_CORRECT
9.25,,,,,0.15959,,,,EPS_SKY_CORRECT
9.3,,,,,0.1902,,,,EPS_SKY_CORRECT
9.35,,,,,0.34326,,,,EPS_SKY_CORRECT
9.4,,,,,0.45179,,,,EPS_SKY_CORRECT
9.4,,,,,0.2876,,,,EPS_SKY_CORRECT
9.45,,,,,0.42953,,,,EPS_SKY_CORRECT
9.5,,,,,0.46292,,,,EPS_SKY_CORRECT
9.55,,,,,0.45735,,,,EPS_SKY_CORRECT
9.6,,,,,0.44901,,,,EPS_SKY_CORRECT
9.65,,,,,0.44066,,,,EPS_SKY_CORRECT
9.7,,,,,0.44344,,,,EPS_SKY_CORRECT
9.75,,,,,0.41005,,,,EPS_SKY_CORRECT
9.8,,,,,0.30708,,,,EPS_SKY_CORRECT
9.85,,,,,0.37109,,,,EPS_SKY_CORRECT
9.9,,,,,0.17351,,,,EPS_SKY_CORRECT
9.95,,,,,0.11785,,,,EPS_SKY_CORRECT
11.6,,,,,0.18742,,,,EPS_SKY_CORRECT
11.65,,,,,0.2876,,,,EPS_SKY_CORRECT
11.7,,,,,0.2876,,,,EPS_SKY_CORRECT
11.75,,,,,0.15681,,,,EPS_SKY_CORRECT
12.2,,,,,0.11507,,,,EPS_SKY_CORRECT
12.25,,,,,0.12063,,,,EPS_SKY_CORRECT
12.3,,,,,0.16516,,,,EPS_SKY_CORRECT
12.35,,,,,0.16516,,,,EPS_SKY_CORRECT
12.4,,,,,0.29873,,,,EPS_SKY_CORRECT
12.45,,,,,0.37943,,,,EPS_SKY_CORRECT
12.45,,,,,0.22082,,,,EPS_SKY_CORRECT
12.5,,,,,0.56032,,,,EPS_SKY_CORRECT
12.5,,,,,0.3043,,,,EPS_SKY_CORRECT
12.55,,,,,0.56032,,,,EPS_SKY_CORRECT
12.55,,,,,0.31543,,,,EPS_SKY_CORRECT
12.6,,,,,0.31821,,,,EPS_SKY_CORRECT
12.65,,,,,0.31543,,,,EPS_SKY_CORRECT
12.7,,,,,0.31543,,,,EPS_SKY_CORRECT
12.75,,,,,0.34326,,,,EPS_SKY_CORRECT
12.8,,,,,0.37665,,,,EPS_SKY_CORRECT
12.85,,,,,0.38222,,,,EPS_SKY_CORRECT
12.9,,,,,0.37109,,,,EPS_SKY_CORRECT
12.95,,,,,0.37109,,,,EPS_SKY_CORRECT
13.0,,,,,0.35439,,,,EPS_SKY_CORRECT
13.05,,,,,0.34326,,,,EPS_SKY_CORRECT
13.1,,,,,0.45735,,,,EPS_SKY_CORRECT
13.1,,,,,0.34048,,,,EPS_SKY_CORRECT
13.15,,,,,0.63267,,,,EPS_SKY_CORRECT
13.15,,,,,0.38778,,,,EPS_SKY_CORRECT
13.2,,,,,0.66885,,,,EPS_SKY_CORRECT
13.2,,,,,0.44901,,,,EPS_SKY_CORRECT
13.25,,,,,0.66885,,,,EPS_SKY_CORRECT
13.25,,,,,0.44901,,,,EPS_SKY_CORRECT
13.3,,,,,0.71615,,,,EPS_SKY_CORRECT
13.3,,,,,0.57701,,,,EPS_SKY_CORRECT
13.3,,,,,0.39335,,,,EPS_SKY_CORRECT
13.35,,,,,0.72729,,,,EPS_SKY_CORRECT
13.4,,,,,0.88869,,,,EPS_SKY_CORRECT
13.4,,,,,0.69667,,,,EPS_SKY_CORRECT
13.45,,,,,0.84138,,,,EPS_SKY_CORRECT
13.5,,,,,0.84138,,,,EPS_SKY_CORRECT
13.55,,,,,0.84695,,,,EPS_SKY_CORRECT
13.6,,,,,0.91095,,,,EPS_SKY_CORRECT
13.65,,,,,0.94991,,,,EPS_SKY_CORRECT
13.7,,,,,0.94991,,,,EPS_SKY_CORRECT
13.75,,,,,0.95269,,,,EPS_SKY_CORRECT
13.8,,,,,0.95269,,,,EPS_SKY_CORRECT
13.85,,,,,0.95269,,,,EPS_SKY_CORRECT
13.9,,,,,0.95269,,,,EPS_SKY_CORRECT
13.95,,,,,0.95548,,,,EPS_SKY_CORRECT
14.0,,,,,0.95826,,,,EPS_SKY_CORRECT
14.05,,,,,0.9833,,,,EPS_SKY_CORRECT
14.1,,,,,0.98887,,,,EPS_SKY_CORRECT
14.15,,,,,0.98887,,,,EPS_SKY_CORRECT
14.2,,,,,0.99165,,,,EPS_SKY_CORRECT
14.25,,,,,0.99165,,,,EPS_SKY_CORRECT
14.3,,,,,0.99443,,,,EPS_SKY_CORRECT
14.35,,,,,0.99443,,,,EPS_SKY_CORRECT
14.4,,,,,0.99443,,,,EPS_SKY_CORRECT
14.45,,,,,0.99165,,,,EPS_SKY_CORRECT
14.5,,,,,0.99165,,,,EPS_SKY_CORRECT
14.55,,,,,0.99165,,,,EPS_SKY_CORRECT
14.6,,,,,0.99165,,,,EPS_SKY_CORRECT
14.65,,,,,0.99165,,,,EPS_SKY_CORRECT
14.7,,,,,0.99165,,,,EPS_SKY_CORRECT
14.75,,,,,0.99165,,,,EPS_SKY_CORRECT
14.8,,,,,0.99165,,,,EPS_SKY_CORRECT
14.85,,,,,0.99165,,,,EPS_SKY_CORRECT
14.9,,,,,0.99165,,,,EPS_SKY_CORRECT
14.95,,,,,0.99165,,,,EPS_SKY_CORRECT
15.0,,,,,0.99165,,,,EPS_SKY_CORRECT
15.05,,,,,0.99165,,,,EPS_SKY_CORRECT
15.1,,,,,0.99165,,,,EPS_SKY_CORRECT
15.15,,,,,0.99165,,,,EPS_SKY_CORRECT
15.2,,,,,0.99165,,,,EPS_SKY_CORRECT
15.25,,,,,0.99165,,,,EPS_SKY_CORRECT
15.3,,,,,0.99165,,,,EPS_SKY_CORRECT
15.35,,,,,0.99165,,,,EPS_SKY_CORRECT
15.4,,,,,0.99165,,,,EPS_SKY_CORRECT
15.45,,,,,0.99165,,,,EPS_SKY_CORRECT
15.5,,,,,0.99165,,,,EPS_SKY_CORRECT
15.55,,,,,0.99165,,,,EPS_SKY_CORRECT
15.6,,,,,0.99165,,,,EPS_SKY_CORRECT
15.65,,,,,0.99165,,,,EPS_SKY_CORRECT
15.7,,,,,0.99165,,,,EPS_SKY_CORRECT
15.75,,,,,0.99165,,,,EPS_SKY_CORRECT
15.8,,,,,0.99165,,,,EPS_SKY_CORRECT
15.85,,,,,0.99165,,,,EPS_SKY_CORRECT
15.9,,,,,0.99165,,,,EPS_SKY_CORRECT
15.95,,,,,0.98887,,,,EPS_SKY_CORRECT
16.0,,,,,0.98887,,,,EPS_SKY_CORRECT
16.05,,,,,0.98887,,,,EPS_SKY_CORRECT
16.1,,,,,0.98887,,,,EPS_SKY_CORRECT
16.15,,,,,0.98887,,,,EPS_SKY_CORRECT
16.2,,,,,0.97774,,,,EPS_SKY_CORRECT
16.25,,,,,0.97495,,,,EPS_SKY_CORRECT
16.3,,,,,0.97495,,,,EPS_SKY_CORRECT
16.35,,,,,0.97217,,,,EPS_SKY_CORRECT
16.4,,,,,0.96939,,,,EPS_SKY_CORRECT
16.45,,,,,0.96939,,,,EPS_SKY_CORRECT
16.5,,,,,0.96939,,,,EPS_SKY_CORRECT
16.55,,,,,0.96939,,,,EPS_SKY_CORRECT
16.6,,,,,0.97217,,,,EPS_SKY_CORRECT
16.65,,,,,0.97495,,,,EPS_SKY_CORRECT
16.7,,,,,0.97495,,,,EPS_SKY_CORRECT
16.75,,,,,0.97774,,,,EPS_SKY_CORRECT
16.8,,,,,0.98052,,,,EPS_SKY_CORRECT
16.85,,,,,0.98052,,,,EPS_SKY_CORRECT
16.9,,,,,0.97217,,,,EPS_SKY_CORRECT
16.95,,,,,0.96939,,,,EPS_SKY_CORRECT
17.0,,,,,0.96939,,,,EPS_SKY_CORRECT
17.05,,,,,0.96939,,,,EPS_SKY_CORRECT
17.1,,,,,0.96939,,,,EPS_SKY_CORRECT
17.15,,,,,0.96939,,,,EPS_SKY_CORRECT
17.2,,,,,0.97217,,,,EPS_SKY_CORRECT
17.25,,,,,0.97217,,,,EPS_SKY_CORRECT
17.3,,,,,0.97774,,,,EPS_SKY_CORRECT
17.35,,,,,0.97774,,,,EPS_SKY_CORRECT
17.4,,,,,0.97774,,,,EPS_SKY_CORRECT
17.45,,,,,0.97495,,,,EPS_SKY_CORRECT
17.5,,,,,0.97495,,,,EPS_SKY_CORRECT
17.55,,,,,0.936,,,,EPS_SKY_CORRECT
17.6,,,,,0.91652,,,,EPS_SKY_CORRECT
17.6,,,,,0.79686,,,,EPS_SKY_CORRECT
17.65,,,,,0.91652,,,,EPS_SKY_CORRECT
17.65,,,,,0.79686,,,,EPS_SKY_CORRECT
17.7,,,,,0.98052,,,,EPS_SKY_CORRECT
17.7,,,,,0.79407,,,,EPS_SKY_CORRECT
17.75,,,,,0.98052,,,,EPS_SKY_CORRECT
17.75,,,,,0.79407,,,,EPS_SKY_CORRECT
17.8,,,,,0.94156,,,,EPS_SKY_CORRECT
17.8,,,,,0.79129,,,,EPS_SKY_CORRECT
17.85,,,,,0.95548,,,,EPS_SKY_CORRECT
17.85,,,,,0.79129,,,,EPS_SKY_CORRECT
17.9,,,,,0.95548,,,,EPS_SKY_CORRECT
17.9,,,,,0.79129,,,,EPS_SKY_CORRECT
17.95,,,,,0.95548,,,,EPS_SKY_CORRECT
17.95,,,,,0.79686,,,,EPS_SKY_CORRECT
18.0,,,,,0.95548,,,,EPS_SKY_CORRECT
18.0,,,,,0.79686,,,,EPS_SKY_CORRECT
18.05,,,,,0.95548,,,,EPS_SKY_CORRECT
18.05,,,,,0.8052,,,,EPS_SKY_CORRECT
18.1,,,,,0.95548,,,,EPS_SKY_CORRECT
18.1,,,,,0.8052,,,,EPS_SKY_CORRECT
18.15,,,,,0.91652,,,,EPS_SKY_CORRECT
18.15,,,,,0.80799,,,,EPS_SKY_CORRECT
18.2,,,,,0.96104,,,,EPS_SKY_CORRECT
18.25,,,,,0.96104,,,,EPS_SKY_CORRECT
18.3,,,,,0.96104,,,,EPS_SKY_CORRECT
18.35,,,,,0.96104,,,,EPS_SKY_CORRECT
18.4,,,,,0.95826,,,,EPS_SKY_CORRECT
18.45,,,,,0.95269,,,,EPS_SKY_CORRECT
18.5,,,,,0.95269,,,,EPS_SKY_CORRECT
18.55,,,,,0.94991,,,,EPS_SKY_CORRECT
18.6,,,,,0.94991,,,,EPS_SKY_CORRECT
18.65,,,,,0.936,,,,EPS_SKY_CORRECT
18.7,,,,,0.936,,,,EPS_SKY_CORRECT
18.75,,,,,0.93321,,,,EPS_SKY_CORRECT
18.8,,,,,0.936,,,,EPS_SKY_CORRECT
18.85,,,,,0.936,,,,EPS_SKY_CORRECT
18.9,,,,,0.936,,,,EPS_SKY_CORRECT
18.95,,,,,0.936,,,,EPS_SKY_CORRECT
19.0,,,,,0.97495,,,,EPS_SKY_CORRECT
19.05,,,,,0.97495,,,,EPS_SKY_CORRECT
19.1,,,,,0.9833,,,,EPS_SKY_CORRECT
19.15,,,,,0.9833,,,,EPS_SKY_CORRECT
19.2,,,,,0.99165,,,,EPS_SKY_CORRECT
19.25,,,,,0.99443,,,,EPS_SKY_CORRECT
19.3,,,,,0.99443,,,,EPS_SKY_CORRECT
19.35,,,,,0.99165,,,,EPS_SKY_CORRECT
19.4,,,,,0.99165,,,,EPS_SKY_CORRECT
19.45,,,,,0.99165,,,,EPS_SKY_CORRECT
19.5,,,,,0.99165,,,,EPS_SKY_CORRECT
19.55,,,,,0.99165,,,,EPS_SKY_CORRECT
19.6,,,,,0.99165,,,,EPS_SKY_CORRECT
19.65,,,,,0.99165,,,,EPS_SKY_CORRECT
19.7,,,,,0.99165,,,,EPS_SKY_CORRECT
19.75,,,,,0.99165,,,,EPS_SKY_CORRECT
19.8,,,,,0.98887,,,,EPS_SKY_CORRECT
19.85,,,,,0.98887,,,,EPS_SKY_CORRECT
19.9,,,,,0.98609,,,,EPS_SKY_CORRECT
19.95,,,,,0.98609,,,,EPS_SKY_CORRECT
20.0,,,,,0.97217,,,,EPS_SKY_CORRECT
20.05,,,,,0.97217,,,,EPS_SKY_CORRECT
20.1,,,,,0.96661,,,,EPS_SKY_CORRECT
20.15,,,,,0.96661,,,,EPS_SKY_CORRECT
20.2,,,,,0.96661,,,,EPS_SKY_CORRECT
20.25,,,,,0.96661,,,,EPS_SKY_CORRECT
20.3,,,,,0.96939,,,,EPS_SKY_CORRECT
20.35,,,,,0.96939,,,,EPS_SKY_CORRECT
20.4,,,,,0.97217,,,,EPS_SKY_CORRECT
20.45,,,,,0.97217,,,,EPS_SKY_CORRECT
20.5,,,,,0.99165,,,,EPS_SKY_CORRECT
20.55,,,,,0.99165,,,,EPS_SKY_CORRECT
20.6,,,,,0.99165,,,,EPS_SKY_CORRECT
20.65,,,,,0.99165,,,,EPS_SKY_CORRECT
20.7,,,,,0.99165,,,,EPS_SKY_CORRECT
20.75,,,,,0.99165,,,,EPS_SKY_CORRECT
20.8,,,,,0.99165,,,,EPS_SKY_CORRECT
20.85,,,,,0.99165,,,,EPS_SKY_CORRECT
20.9,,,,,0.99165,,,,EPS_SKY_CORRECT
20.95,,,,,0.99165,,,,EPS_SKY_CORRECT
21.0,,,,,0.99165,,,,EPS_SKY_CORRECT
21.05,,,,,0.99165,,,,EPS_SKY_CORRECT
21.1,,,,,0.99165,,,,EPS_SKY_CORRECT
21.15,,,,,0.99165,,,,EPS_SKY_CORRECT
21.2,,,,,0.99443,,,,EPS_SKY_CORRECT
21.25,,,,,0.99443,,,,EPS_SKY_CORRECT
21.3,,,,,0.99443,,,,EPS_SKY_CORRECT
21.35,,,,,0.99443,,,,EPS_SKY_CORRECT
21.4,,,,,0.99443,,,,EPS_SKY_CORRECT
21.45,,,,,0.99443,,,,EPS_SKY_CORRECT
21.5,,,,,0.99443,,,,EPS_SKY_CORRECT
21.55,,,,,0.99443,,,,EPS_SKY_CORRECT
21.6,,,,,0.99443,,,,EPS_SKY_CORRECT
21.65,,,,,0.99443,,,,EPS_SKY_CORRECT
21.7,,,,,0.99443,,,,EPS_SKY_CORRECT
21.75,,,,,0.99443,,,,EPS_SKY_CORRECT
21.8,,,,,0.99165,,,,EPS_SKY_CORRECT
21.85,,,,,0.99165,,,,EPS_SKY_CORRECT
21.9,,,,,0.99443,,,,EPS_SKY_CORRECT
21.95,,,,,0.99443,,,,EPS_SKY_CORRECT
22.0,,,,,0.99443,,,,EPS_SKY_CORRECT
22.05,,,,,0.99443,,,,EPS_SKY_CORRECT
22.1,,,,,0.99443,,,,EPS_SKY_CORRECT
22.15,,,,,0.99443,,,,EPS_SKY_CORRECT
22.2,,,,,0.99443,,,,EPS_SKY_CORRECT
22.25,,,,,0.99443,,,,EPS_SKY_CORRECT
22.3,,,,,0.99443,,,,EPS_SKY_CORRECT
22.35,,,,,0.99443,,,,EPS_SKY_CORRECT
22.4,,,,,0.99443,,,,EPS_SKY_CORRECT
22.45,,,,,0.99443,,,,EPS_SKY_CORRECT
22.5,,,,,0.99443,,,,EPS_SKY_CORRECT
22.55,,,,,0.99443,,,,EPS_SKY_CORRECT
22.6,,,,,0.99443,,,,EPS_SKY_CORRECT
22.65,,,,,0.99443,,,,EPS_SKY_CORRECT
22.7,,,,,0.99443,,,,EPS_SKY_CORRECT
22.75,,,,,0.99443,,,,EPS_SKY_CORRECT
22.8,,,,,0.99443,,,,EPS_SKY_CORRECT
22.85,,,,,0.99443,,,,EPS_SKY_CORRECT
22.9,,,,,0.99443,,,,EPS_SKY_CORRECT
22.95,,,,,0.99443,,,,EPS_SKY_CORRECT
23.0,,,,,0.99443,,,,EPS_SKY_CORRECT
23.05,,,,,0.99443,,,,EPS_SKY_CORRECT
23.1,,,,,0.99443,,,,EPS_SKY_CORRECT
23.15,,,,,0.99443,,,,EPS_SKY_CORRECT
23.2,,,,,0.99443,,,,EPS_SKY_CORRECT
23.25,,,,,0.99443,,,,EPS_SKY_CORRECT
23.3,,,,,0.99443,,,,EPS_SKY_CORRECT
23.35,,,,,0.99443,,,,EPS_SKY_CORRECT
23.4,,,,,0.99443,,,,EPS_SKY_CORRECT
23.45,,,,,0.99443,,,,EPS_SKY_CORRECT
23.5,,,,,0.99443,,,,EPS_SKY_CORRECT
23.55,,,,,0.99443,,,,EPS_SKY_CORRECT
23.6,,,,,0.99443,,,,EPS_SKY_CORRECT
23.65,,,,,0.99443,,,,EPS_SKY_CORRECT
23.7,,,,,0.99443,,,,EPS_SKY_CORRECT
23.75,,,,,0.99443,,,,EPS_SKY_CORRECT
23.8,,,,,0.99443,,,,EPS_SKY_CORRECT
23.85,,,,,0.99443,,,,EPS_SKY_CORRECT
23.9,,,,,0.99443,,,,EPS_SKY_CORRECT
23.95,,,,,0.99443,,,,EPS_SKY_CORRECT
24.0,,,,,0.99443,,,,EPS_SKY_CORRECT
24.05,,,,,0.99443,,,,EPS_SKY_CORRECT
24.1,,,,,0.99443,,,,EPS_SKY_CORRECT
24.15,,,,,0.99443,,,,EPS_SKY_CORRECT
24.2,,,,,0.99443,,,,EPS_SKY_CORRECT
24.25,,,,,0.99443,,,,EPS_SKY_CORRECT
24.3,,,,,0.99443,,,,EPS_SKY_CORRECT
24.35,,,,,0.99443,,,,EPS_SKY_CORRECT
24.4,,,,,0.99443,,,,EPS_SKY_CORRECT
24.45,,,,,0.99443,,,,EPS_SKY_CORRECT
24.5,,,,,0.99443,,,,EPS_SKY_CORRECT
24.55,,,,,0.99443,,,,EPS_SKY_CORRECT
24.6,,,,,0.99443,,,,EPS_SKY_CORRECT
24.65,,,,,0.99443,,,,EPS_SKY_CORRECT
24.7,,,,,0.99443,,,,EPS_SKY_CORRECT
24.75,,,,,0.99443,,,,EPS_SKY_CORRECT
24.8,,,,,0.99443,,,,EPS_SKY_CORRECT
24.85,,,,,0.99165,,,,EPS_SKY_CORRECT
24.9,,,,,0.99165,,,,EPS_SKY_CORRECT
24.95,,,,,0.99165,,,,EPS_SKY_CORRECT
25.0,,,,,0.99165,,,,EPS_SKY_CORRECT
,,,,,,,,,EPS_SKY_CORRECT
